Unnamed: 0,ESPtime,count,time,year,month,day,hour,minute,time_only
,107327.0,0,2026-04-22 06:53:38.098320937,2026,4,22,06:00,53,06:53
,,1,2026-04-22 07:20:10.142732881,2026,4,22,07:00,20,07:20
,,0,2026-04-22 07:21:08.887216583,2026,4,22,07:00,21,07:21
,,1,2026-04-22 07:21:12.164670566,2026,4,22,07:00,21,07:21
,,0,2026-04-22 07:21:16.508609037,2026,4,22,07:00,21,07:21
,,1,2026-04-22 07:21:21.497536599,2026,4,22,07:00,21,07:21
,,2,2026-04-22 07:21:30.923373049,2026,4,22,07:00,21,07:21
,,1,2026-04-22 07:26:47.765127474,2026,4,22,07:00,26,07:26
,,0,2026-04-22 07:26:52.490298232,2026,4,22,07:00,26,07:26
,,1,2026-04-22 07:41:58.029850744,2026,4,22,07:00,41,07:41
,,0,2026-04-22 07:42:05.090868815,2026,4,22,07:00,42,07:42
,,0,2026-04-22 07:42:11.787686436,2026,4,22,07:00,42,07:42
,,1,2026-04-22 07:42:16.802393509,2026,4,22,07:00,42,07:42
,,0,2026-04-22 07:42:27.544365358,2026,4,22,07:00,42,07:42
,,0,2026-04-22 07:42:48.496782154,2026,4,22,07:00,42,07:42
,,1,2026-04-22 07:43:12.727382687,2026,4,22,07:00,43,07:43
,,0,2026-04-22 07:43:31.307426460,2026,4,22,07:00,43,07:43
,,1,2026-04-22 07:43:38.861099736,2026,4,22,07:00,43,07:43
,,2,2026-04-22 07:43:47.314728081,2026,4,22,07:00,43,07:43
,,1,2026-04-22 07:43:57.162352999,2026,4,22,07:00,43,07:43
,,2,2026-04-22 07:44:04.985229469,2026,4,22,07:00,44,07:44
,,1,2026-04-22 07:44:10.722974637,2026,4,22,07:00,44,07:44
,,0,2026-04-22 07:44:14.346605300,2026,4,22,07:00,44,07:44
,,1,2026-04-22 07:44:21.677218929,2026,4,22,07:00,44,07:44
,,0,2026-04-22 07:44:34.140320098,2026,4,22,07:00,44,07:44
,,1,2026-04-22 07:47:14.588669633,2026,4,22,07:00,47,07:47
,,0,2026-04-22 07:47:32.095429954,2026,4,22,07:00,47,07:47
,,1,2026-04-22 07:47:39.207635332,2026,4,22,07:00,47,07:47
,,2,2026-04-22 07:47:43.695243115,2026,4,22,07:00,47,07:47
,,3,2026-04-22 07:47:47.027559371,2026,4,22,07:00,47,07:47
,,4,2026-04-22 07:47:50.056471857,2026,4,22,07:00,47,07:47
,,5,2026-04-22 07:47:53.541772248,2026,4,22,07:00,47,07:47
,,4,2026-04-22 07:48:02.860721334,2026,4,22,07:00,48,07:48
,,3,2026-04-22 07:48:33.588636900,2026,4,22,07:00,48,07:48
,,2,2026-04-22 07:48:36.913919503,2026,4,22,07:00,48,07:48
,,1,2026-04-22 07:48:46.334326105,2026,4,22,07:00,48,07:48
,,2,2026-04-22 07:48:50.089298473,2026,4,22,07:00,48,07:48
,,1,2026-04-22 07:48:58.930540079,2026,4,22,07:00,48,07:48
,,0,2026-04-22 07:49:03.332752446,2026,4,22,07:00,49,07:49
,,0,2026-04-22 07:49:09.807160209,2026,4,22,07:00,49,07:49
,,0,2026-04-22 07:49:14.738455547,2026,4,22,07:00,49,07:49
,,0,2026-04-22 07:49:27.001778658,2026,4,22,07:00,49,07:49
,,0,2026-04-22 07:49:29.074405404,2026,4,22,07:00,49,07:49
,,0,2026-04-22 07:51:01.879076823,2026,4,22,07:00,51,07:51
,,1,2026-04-22 07:51:06.114053053,2026,4,22,07:00,51,07:51
,,0,2026-04-22 07:52:17.575142683,2026,4,22,07:00,52,07:52
,,1,2026-04-22 07:52:23.692872227,2026,4,22,07:00,52,07:52
,,0,2026-04-22 07:52:33.463871004,2026,4,22,07:00,52,07:52
,,1,2026-04-22 07:53:27.252948666,2026,4,22,07:00,53,07:53
,,2,2026-04-22 07:53:30.869269111,2026,4,22,07:00,53,07:53
,,3,2026-04-22 07:53:36.943850838,2026,4,22,07:00,53,07:53
,,4,2026-04-22 07:55:06.813644755,2026,4,22,07:00,55,07:55
,,3,2026-04-22 07:59:03.789141994,2026,4,22,07:00,59,07:59
,,2,2026-04-22 07:59:06.667920611,2026,4,22,07:00,59,07:59
,,3,2026-04-22 07:59:40.309836955,2026,4,22,07:00,59,07:59
,,4,2026-04-22 07:59:43.190480683,2026,4,22,07:00,59,07:59
,,3,2026-04-22 08:00:19.078790866,2026,4,22,08:00,0,08:00
,,4,2026-04-22 08:03:46.029264673,2026,4,22,08:00,3,08:03
,,3,2026-04-22 08:15:51.893736844,2026,4,22,08:00,15,08:15
,,2,2026-04-22 08:22:33.667779124,2026,4,22,08:00,22,08:22
,,1,2026-04-22 08:23:43.803201437,2026,4,22,08:00,23,08:23
,,0,2026-04-22 08:31:58.342870461,2026,4,22,08:00,31,08:31
,,0,2026-04-22 08:34:00.783500265,2026,4,22,08:00,34,08:34
,,0,2026-04-22 08:36:53.773996279,2026,4,22,08:00,36,08:36
,,0,2026-04-22 08:37:03.988837723,2026,4,22,08:00,37,08:37
,,0,2026-04-22 08:37:21.004319019,2026,4,22,08:00,37,08:37
,,0,2026-04-22 08:40:27.242613375,2026,4,22,08:00,40,08:40
,,0,2026-04-22 08:40:54.478431913,2026,4,22,08:00,40,08:40
,,0,2026-04-22 08:43:53.800262961,2026,4,22,08:00,43,08:43
,,1,2026-04-22 08:43:59.065583383,2026,4,22,08:00,43,08:43
,,2,2026-04-22 08:44:03.727151557,2026,4,22,08:00,44,08:44
,,3,2026-04-22 08:44:09.276279169,2026,4,22,08:00,44,08:44
,,2,2026-04-22 09:06:00.218209508,2026,4,22,09:00,6,09:06
,,3,2026-04-22 09:06:14.910971900,2026,4,22,09:00,6,09:06
,,4,2026-04-22 09:06:26.474238431,2026,4,22,09:00,6,09:06
,,5,2026-04-22 09:24:14.883753005,2026,4,22,09:00,24,09:24
,,4,2026-04-22 09:25:03.823591949,2026,4,22,09:00,25,09:25
,,5,2026-04-22 09:25:18.596747672,2026,4,22,09:00,25,09:25
,,6,2026-04-22 09:25:30.808648430,2026,4,22,09:00,25,09:25
,,5,2026-04-22 09:27:06.256688835,2026,4,22,09:00,27,09:27
,,4,2026-04-22 09:27:09.348051941,2026,4,22,09:00,27,09:27
,,5,2026-04-22 09:27:13.974821238,2026,4,22,09:00,27,09:27
,,6,2026-04-22 09:29:13.164509819,2026,4,22,09:00,29,09:29
,,7,2026-04-22 09:29:17.975036216,2026,4,22,09:00,29,09:29
,,6,2026-04-22 09:29:58.056542369,2026,4,22,09:00,29,09:29
,,5,2026-04-22 09:30:03.519730652,2026,4,22,09:00,30,09:30
,,6,2026-04-22 09:30:33.268679828,2026,4,22,09:00,30,09:30
,,7,2026-04-22 09:30:38.449060452,2026,4,22,09:00,30,09:30
,,6,2026-04-22 09:33:50.456942195,2026,4,22,09:00,33,09:33
,,7,2026-04-22 09:33:56.080458435,2026,4,22,09:00,33,09:33
,,8,2026-04-22 09:34:00.472641043,2026,4,22,09:00,34,09:34
,,7,2026-04-22 09:38:43.154738578,2026,4,22,09:00,38,09:38
,,6,2026-04-22 09:42:21.387782098,2026,4,22,09:00,42,09:42
,,7,2026-04-22 09:42:30.436412994,2026,4,22,09:00,42,09:42
,,8,2026-04-22 09:42:34.388121444,2026,4,22,09:00,42,09:42
,,7,2026-04-22 09:42:39.591702747,2026,4,22,09:00,42,09:42
,,6,2026-04-22 09:42:47.776664785,2026,4,22,09:00,42,09:42
,,7,2026-04-22 09:43:10.672684308,2026,4,22,09:00,43,09:43
,,8,2026-04-22 09:43:27.142771289,2026,4,22,09:00,43,09:43
,,7,2026-04-22 09:43:32.105946329,2026,4,22,09:00,43,09:43
,,6,2026-04-22 09:51:02.821360538,2026,4,22,09:00,51,09:51
,,5,2026-04-22 09:56:47.372653148,2026,4,22,09:00,56,09:56
,,6,2026-04-22 09:57:31.835295401,2026,4,22,09:00,57,09:57
,,5,2026-04-22 09:57:58.234026638,2026,4,22,09:00,57,09:57
,,6,2026-04-22 09:58:04.107866673,2026,4,22,09:00,58,09:58
,,7,2026-04-22 09:58:08.805333149,2026,4,22,09:00,58,09:58
,,6,2026-04-22 09:58:23.464613894,2026,4,22,09:00,58,09:58
,,7,2026-04-22 09:59:16.764317674,2026,4,22,09:00,59,09:59
,,6,2026-04-22 09:59:31.694765102,2026,4,22,09:00,59,09:59
,,7,2026-04-22 09:59:51.637986514,2026,4,22,09:00,59,09:59
,,8,2026-04-22 10:00:18.153958685,2026,4,22,10:00,0,10:00
,,7,2026-04-22 10:00:27.878047524,2026,4,22,10:00,0,10:00
,,6,2026-04-22 10:02:59.419363067,2026,4,22,10:00,2,10:02
,,5,2026-04-22 10:03:03.419973464,2026,4,22,10:00,3,10:03
,,6,2026-04-22 10:04:10.957751488,2026,4,22,10:00,4,10:04
,,5,2026-04-22 10:04:33.874384742,2026,4,22,10:00,4,10:04
,,6,2026-04-22 10:04:35.779635143,2026,4,22,10:00,4,10:04
,,5,2026-04-22 10:06:56.702263932,2026,4,22,10:00,6,10:06
,,6,2026-04-22 10:08:03.033964753,2026,4,22,10:00,8,10:08
,,5,2026-04-22 10:09:22.184405061,2026,4,22,10:00,9,10:09
,,6,2026-04-22 10:10:06.723372678,2026,4,22,10:00,10,10:10
,,5,2026-04-22 10:15:12.316146893,2026,4,22,10:00,15,10:15
,,6,2026-04-22 10:15:37.629604903,2026,4,22,10:00,15,10:15
,,5,2026-04-22 10:16:04.058335089,2026,4,22,10:00,16,10:16
,,6,2026-04-22 10:16:22.529598384,2026,4,22,10:00,16,10:16
,,5,2026-04-22 10:27:54.433928925,2026,4,22,10:00,27,10:27
,,4,2026-04-22 10:39:39.156977308,2026,4,22,10:00,39,10:39
,,5,2026-04-22 10:39:58.810665255,2026,4,22,10:00,39,10:39
,,4,2026-04-22 10:42:22.017976206,2026,4,22,10:00,42,10:42
,,5,2026-04-22 10:54:33.586182582,2026,4,22,10:00,54,10:54
,,4,2026-04-22 10:59:04.318612537,2026,4,22,10:00,59,10:59
,,1,2026-04-22 11:07:27.297305336,2026,4,22,11:00,7,11:07
,,1,2026-04-22 11:13:57.716372531,2026,4,22,11:00,13,11:13
,,2,2026-04-22 11:14:00.938839410,2026,4,22,11:00,14,11:14
,,3,2026-04-22 11:14:05.383130685,2026,4,22,11:00,14,11:14
,,4,2026-04-22 11:14:08.542305717,2026,4,22,11:00,14,11:14
,,5,2026-04-22 11:14:16.475952422,2026,4,22,11:00,14,11:14
,,6,2026-04-22 11:38:11.082484871,2026,4,22,11:00,38,11:38
,,7,2026-04-22 11:41:01.217453771,2026,4,22,11:00,41,11:41
,,6,2026-04-22 11:41:09.037826265,2026,4,22,11:00,41,11:41
,,5,2026-04-22 11:42:35.602541966,2026,4,22,11:00,42,11:42
,,6,2026-04-22 11:42:42.644307332,2026,4,22,11:00,42,11:42
,,5,2026-04-22 11:45:49.064577019,2026,4,22,11:00,45,11:45
,,6,2026-04-22 11:46:08.012148420,2026,4,22,11:00,46,11:46
,,5,2026-04-22 11:47:58.492704272,2026,4,22,11:00,47,11:47
,,4,2026-04-22 11:50:55.345597047,2026,4,22,11:00,50,11:50
,,3,2026-04-22 11:52:57.417029679,2026,4,22,11:00,52,11:52
,,2,2026-04-22 11:54:45.865103337,2026,4,22,11:00,54,11:54
,,1,2026-04-22 12:01:05.059087603,2026,4,22,12:00,1,12:01
,,0,2026-04-22 12:02:18.652955860,2026,4,22,12:00,2,12:02
,,0,2026-04-22 12:03:45.505578624,2026,4,22,12:00,3,12:03
,,0,2026-04-22 12:03:48.372623977,2026,4,22,12:00,3,12:03
,,1,2026-04-22 12:04:12.269254429,2026,4,22,12:00,4,12:04
,,0,2026-04-22 12:04:21.415730260,2026,4,22,12:00,4,12:04
,,1,2026-04-22 12:04:26.370603484,2026,4,22,12:00,4,12:04
,,2,2026-04-22 12:04:29.802401384,2026,4,22,12:00,4,12:04
,,3,2026-04-22 12:04:34.738495296,2026,4,22,12:00,4,12:04
,,4,2026-04-22 12:04:47.013721746,2026,4,22,12:00,4,12:04
,,5,2026-04-22 12:05:12.397077964,2026,4,22,12:00,5,12:05
,,4,2026-04-22 12:06:20.572090777,2026,4,22,12:00,6,12:06
,,5,2026-04-22 12:06:39.121639368,2026,4,22,12:00,6,12:06
,,4,2026-04-22 12:07:38.383967429,2026,4,22,12:00,7,12:07
,,3,2026-04-22 12:07:40.373118642,2026,4,22,12:00,7,12:07
,,4,2026-04-22 12:07:51.771659576,2026,4,22,12:00,7,12:07
,,5,2026-04-22 12:07:57.126439585,2026,4,22,12:00,7,12:07
,,4,2026-04-22 12:08:01.643774686,2026,4,22,12:00,8,12:08
,,5,2026-04-22 12:09:32.192499300,2026,4,22,12:00,9,12:09
,,6,2026-04-22 12:09:37.234340942,2026,4,22,12:00,9,12:09
,,5,2026-04-22 12:09:52.759206668,2026,4,22,12:00,9,12:09
,,4,2026-04-22 12:19:48.365963106,2026,4,22,12:00,19,12:19
,,3,2026-04-22 12:25:58.338573458,2026,4,22,12:00,25,12:25
,,4,2026-04-22 12:26:44.324096766,2026,4,22,12:00,26,12:26
,,3,2026-04-22 12:27:18.208299194,2026,4,22,12:00,27,12:27
,,2,2026-04-22 12:27:20.187083895,2026,4,22,12:00,27,12:27
,,3,2026-04-22 12:28:25.432093099,2026,4,22,12:00,28,12:28
,,2,2026-04-22 12:29:17.595802027,2026,4,22,12:00,29,12:29
,,1,2026-04-22 12:29:20.304301413,2026,4,22,12:00,29,12:29
,,0,2026-04-22 12:29:49.766127298,2026,4,22,12:00,29,12:29
,,0,2026-04-22 12:29:51.650122387,2026,4,22,12:00,29,12:29
,,0,2026-04-22 12:30:11.755621890,2026,4,22,12:00,30,12:30
,,0,2026-04-22 12:30:16.524943662,2026,4,22,12:00,30,12:30
,,0,2026-04-22 12:30:21.145720646,2026,4,22,12:00,30,12:30
,,0,2026-04-22 12:30:23.164846097,2026,4,22,12:00,30,12:30
,,0,2026-04-22 12:30:55.460171732,2026,4,22,12:00,30,12:30
,,1,2026-04-22 12:31:09.307549451,2026,4,22,12:00,31,12:31
,,2,2026-04-22 12:31:12.923331413,2026,4,22,12:00,31,12:31
,,3,2026-04-22 12:31:16.320706707,2026,4,22,12:00,31,12:31
,,4,2026-04-22 12:31:19.070886973,2026,4,22,12:00,31,12:31
,,5,2026-04-22 12:31:21.887282464,2026,4,22,12:00,31,12:31
,,4,2026-04-22 12:32:49.522643101,2026,4,22,12:00,32,12:32
,,3,2026-04-22 12:33:08.419714990,2026,4,22,12:00,33,12:33
,,4,2026-04-22 12:34:05.394302414,2026,4,22,12:00,34,12:34
,,3,2026-04-22 12:34:08.103740983,2026,4,22,12:00,34,12:34
,,2,2026-04-22 12:34:15.979668603,2026,4,22,12:00,34,12:34
,,1,2026-04-22 12:34:19.738602044,2026,4,22,12:00,34,12:34
,,0,2026-04-22 12:34:30.410491826,2026,4,22,12:00,34,12:34
,,0,2026-04-22 12:34:37.997099664,2026,4,22,12:00,34,12:34
,,1,2026-04-22 12:34:41.043650150,2026,4,22,12:00,34,12:34
,,2,2026-04-22 12:34:45.250091895,2026,4,22,12:00,34,12:34
,,1,2026-04-22 12:34:50.844258540,2026,4,22,12:00,34,12:34
,,2,2026-04-22 12:34:55.565078086,2026,4,22,12:00,34,12:34
,,1,2026-04-22 12:35:07.267129787,2026,4,22,12:00,35,12:35
,,2,2026-04-22 12:35:09.688194912,2026,4,22,12:00,35,12:35
,,3,2026-04-22 12:35:21.400363677,2026,4,22,12:00,35,12:35
,,4,2026-04-22 12:35:26.982221725,2026,4,22,12:00,35,12:35
,,3,2026-04-22 12:35:53.695394171,2026,4,22,12:00,35,12:35
,,2,2026-04-22 12:35:55.976736165,2026,4,22,12:00,35,12:35
,,1,2026-04-22 12:36:18.159711577,2026,4,22,12:00,36,12:36
,,0,2026-04-22 12:38:38.215038166,2026,4,22,12:00,38,12:38
,,0,2026-04-22 12:38:40.398616701,2026,4,22,12:00,38,12:38
,,0,2026-04-22 12:39:27.612547756,2026,4,22,12:00,39,12:39
,,0,2026-04-22 12:40:11.088338563,2026,4,22,12:00,40,12:40
,,0,2026-04-22 12:40:24.098835498,2026,4,22,12:00,40,12:40
,,0,2026-04-22 12:43:23.709097829,2026,4,22,12:00,43,12:43
,,0,2026-04-22 12:43:51.099414934,2026,4,22,12:00,43,12:43
,,0,2026-04-22 12:43:56.329927572,2026,4,22,12:00,43,12:43
,,0,2026-04-22 12:44:18.273200964,2026,4,22,12:00,44,12:44
,,0,2026-04-22 12:44:51.072206684,2026,4,22,12:00,44,12:44
,,1,2026-04-22 12:44:55.838137952,2026,4,22,12:00,44,12:44
,,0,2026-04-22 12:46:39.715976832,2026,4,22,12:00,46,12:46
,,1,2026-04-22 12:47:03.975388733,2026,4,22,12:00,47,12:47
,,2,2026-04-22 12:48:02.765697459,2026,4,22,12:00,48,12:48
,,1,2026-04-22 12:48:07.127249373,2026,4,22,12:00,48,12:48
,,2,2026-04-22 12:48:30.274793845,2026,4,22,12:00,48,12:48
,,1,2026-04-22 12:48:42.220319970,2026,4,22,12:00,48,12:48
,,0,2026-04-22 12:48:45.435046432,2026,4,22,12:00,48,12:48
,,1,2026-04-22 12:50:13.412159049,2026,4,22,12:00,50,12:50
,,0,2026-04-22 12:54:07.012685923,2026,4,22,12:00,54,12:54
,,0,2026-04-22 12:54:24.499473398,2026,4,22,12:00,54,12:54
,,0,2026-04-22 12:54:31.040049359,2026,4,22,12:00,54,12:54
,,0,2026-04-22 12:54:37.126818280,2026,4,22,12:00,54,12:54
,,1,2026-04-22 12:55:01.740705161,2026,4,22,12:00,55,12:55
,,0,2026-04-22 12:55:13.372750558,2026,4,22,12:00,55,12:55
,,0,2026-04-22 12:55:27.903578687,2026,4,22,12:00,55,12:55
,,1,2026-04-22 12:55:44.702810285,2026,4,22,12:00,55,12:55
,,2,2026-04-22 12:56:00.945485733,2026,4,22,12:00,56,12:56
,,1,2026-04-22 12:56:05.178889768,2026,4,22,12:00,56,12:56
,,2,2026-04-22 12:56:09.779851124,2026,4,22,12:00,56,12:56
,,3,2026-04-22 12:57:12.920886650,2026,4,22,12:00,57,12:57
,,4,2026-04-22 12:57:16.818742937,2026,4,22,12:00,57,12:57
,,5,2026-04-22 12:57:19.858791695,2026,4,22,12:00,57,12:57
,,6,2026-04-22 12:57:30.655208548,2026,4,22,12:00,57,12:57
,,7,2026-04-22 12:57:59.629074132,2026,4,22,12:00,57,12:57
,,8,2026-04-22 12:58:02.412372044,2026,4,22,12:00,58,12:58
,,9,2026-04-22 12:58:12.350554587,2026,4,22,12:00,58,12:58
,,8,2026-04-22 12:58:16.822172303,2026,4,22,12:00,58,12:58
,,7,2026-04-22 12:58:19.703961258,2026,4,22,12:00,58,12:58
,,8,2026-04-22 12:58:23.322059898,2026,4,22,12:00,58,12:58
,,9,2026-04-22 12:58:35.386718134,2026,4,22,12:00,58,12:58
,,8,2026-04-22 12:58:41.769596298,2026,4,22,12:00,58,12:58
,,7,2026-04-22 12:59:11.250282068,2026,4,22,12:00,59,12:59
,,6,2026-04-22 12:59:14.893697768,2026,4,22,12:00,59,12:59
,,5,2026-04-22 12:59:31.595501423,2026,4,22,12:00,59,12:59
,,4,2026-04-22 13:01:02.593534003,2026,4,22,13:00,1,13:01
,,5,2026-04-22 13:01:05.946765827,2026,4,22,13:00,1,13:01
,,6,2026-04-22 13:01:41.598549852,2026,4,22,13:00,1,13:01
,,5,2026-04-22 13:02:22.157187752,2026,4,22,13:00,2,13:02
,,6,2026-04-22 13:02:55.895430833,2026,4,22,13:00,2,13:02
,,7,2026-04-22 13:03:33.458514499,2026,4,22,13:00,3,13:03
,,8,2026-04-22 13:03:47.646777990,2026,4,22,13:00,3,13:03
,,9,2026-04-22 13:04:01.385631874,2026,4,22,13:00,4,13:04
,,10,2026-04-22 13:04:34.897503612,2026,4,22,13:00,4,13:04
,,9,2026-04-22 13:04:40.371551216,2026,4,22,13:00,4,13:04
,,10,2026-04-22 13:04:48.531890056,2026,4,22,13:00,4,13:04
,,9,2026-04-22 13:04:52.052926816,2026,4,22,13:00,4,13:04
,,8,2026-04-22 13:04:54.510511998,2026,4,22,13:00,4,13:04
,,7,2026-04-22 13:04:57.888380562,2026,4,22,13:00,4,13:04
,,6,2026-04-22 13:05:00.257565078,2026,4,22,13:00,5,13:05
,,7,2026-04-22 13:06:28.820041944,2026,4,22,13:00,6,13:06
,,6,2026-04-22 13:10:57.712391144,2026,4,22,13:00,10,13:10
,,5,2026-04-22 13:10:59.596219071,2026,4,22,13:00,10,13:10
,,4,2026-04-22 13:11:08.206330903,2026,4,22,13:00,11,13:11
,,5,2026-04-22 13:11:10.749727351,2026,4,22,13:00,11,13:11
,,4,2026-04-22 13:11:12.895979900,2026,4,22,13:00,11,13:11
,,5,2026-04-22 13:11:44.853894393,2026,4,22,13:00,11,13:11
,,6,2026-04-22 13:12:04.528819439,2026,4,22,13:00,12,13:12
,,5,2026-04-22 13:12:28.678916346,2026,4,22,13:00,12,13:12
,,6,2026-04-22 13:14:17.744445902,2026,4,22,13:00,14,13:14
,,7,2026-04-22 13:15:38.908082502,2026,4,22,13:00,15,13:15
,,6,2026-04-22 13:17:26.912429866,2026,4,22,13:00,17,13:17
,,5,2026-04-22 13:18:47.661786078,2026,4,22,13:00,18,13:18
,,6,2026-04-22 13:19:42.718489532,2026,4,22,13:00,19,13:19
,,5,2026-04-22 13:27:13.375650752,2026,4,22,13:00,27,13:27
,,6,2026-04-22 13:31:00.123050310,2026,4,22,13:00,31,13:31
,,7,2026-04-22 13:31:02.765223237,2026,4,22,13:00,31,13:31
,,6,2026-04-22 13:31:09.135405092,2026,4,22,13:00,31,13:31
,,5,2026-04-22 13:31:21.842378740,2026,4,22,13:00,31,13:31
,,6,2026-04-22 13:31:34.816318518,2026,4,22,13:00,31,13:31
,,5,2026-04-22 13:32:10.255963309,2026,4,22,13:00,32,13:32
,,6,2026-04-22 13:32:20.416760847,2026,4,22,13:00,32,13:32
,,5,2026-04-22 13:32:32.038264299,2026,4,22,13:00,32,13:32
,,4,2026-04-22 13:34:00.625370334,2026,4,22,13:00,34,13:34
,,5,2026-04-22 13:38:14.103108103,2026,4,22,13:00,38,13:38
,,4,2026-04-22 13:39:04.851715926,2026,4,22,13:00,39,13:39
,,5,2026-04-22 13:39:41.202635706,2026,4,22,13:00,39,13:39
,,4,2026-04-22 13:40:31.415678855,2026,4,22,13:00,40,13:40
,,3,2026-04-22 13:43:27.815965130,2026,4,22,13:00,43,13:43
,,4,2026-04-22 13:43:43.059516763,2026,4,22,13:00,43,13:43
,,3,2026-04-22 13:44:28.900219257,2026,4,22,13:00,44,13:44
,,2,2026-04-22 13:46:14.515434035,2026,4,22,13:00,46,13:46
,,3,2026-04-22 13:46:24.586582980,2026,4,22,13:00,46,13:46
,,2,2026-04-22 13:46:31.923290342,2026,4,22,13:00,46,13:46
,,3,2026-04-22 13:48:06.793440148,2026,4,22,13:00,48,13:48
,,2,2026-04-22 13:59:04.692435957,2026,4,22,13:00,59,13:59
,,1,2026-04-22 14:00:00.310361225,2026,4,22,14:00,0,14:00
,,2,2026-04-22 14:00:05.793507002,2026,4,22,14:00,0,14:00
,,3,2026-04-22 14:06:24.406829592,2026,4,22,14:00,6,14:06
,,2,2026-04-22 14:08:42.371740092,2026,4,22,14:00,8,14:08
,,1,2026-04-22 14:08:56.794695104,2026,4,22,14:00,8,14:08
,,2,2026-04-22 14:09:05.098347882,2026,4,22,14:00,9,14:09
,,3,2026-04-22 14:09:53.584528004,2026,4,22,14:00,9,14:09
,,2,2026-04-22 14:10:56.039168073,2026,4,22,14:00,10,14:10
,,3,2026-04-22 14:11:58.804000782,2026,4,22,14:00,11,14:11
,,2,2026-04-22 14:34:51.002795583,2026,4,22,14:00,34,14:34
,,3,2026-04-22 14:35:01.100515411,2026,4,22,14:00,35,14:35
,,2,2026-04-22 14:37:54.196630262,2026,4,22,14:00,37,14:37
,,3,2026-04-22 14:38:24.388525794,2026,4,22,14:00,38,14:38
,,4,2026-04-22 14:39:26.050964871,2026,4,22,14:00,39,14:39
,,3,2026-04-22 14:40:07.304070383,2026,4,22,14:00,40,14:40
,,2,2026-04-22 14:40:50.058277864,2026,4,22,14:00,40,14:40
,,1,2026-04-22 14:41:10.813312290,2026,4,22,14:00,41,14:41
,,2,2026-04-22 14:41:24.702338908,2026,4,22,14:00,41,14:41
,,1,2026-04-22 14:41:36.921757807,2026,4,22,14:00,41,14:41
,,2,2026-04-22 14:41:43.476830208,2026,4,22,14:00,41,14:41
,,3,2026-04-22 14:41:48.485279198,2026,4,22,14:00,41,14:41
,,2,2026-04-22 14:42:16.821235974,2026,4,22,14:00,42,14:42
,,3,2026-04-22 14:43:10.369184218,2026,4,22,14:00,43,14:43
,,2,2026-04-22 14:43:26.093035060,2026,4,22,14:00,43,14:43
,,1,2026-04-22 14:43:31.948415335,2026,4,22,14:00,43,14:43
,,0,2026-04-22 14:43:47.102335754,2026,4,22,14:00,43,14:43
,,1,2026-04-22 14:45:29.105357018,2026,4,22,14:00,45,14:45
,,2,2026-04-22 14:45:47.131224410,2026,4,22,14:00,45,14:45
,,1,2026-04-22 14:45:55.533463318,2026,4,22,14:00,45,14:45
,,0,2026-04-22 14:45:57.436509285,2026,4,22,14:00,45,14:45
,,1,2026-04-22 14:45:59.773191785,2026,4,22,14:00,45,14:45
,,0,2026-04-22 14:46:04.175152966,2026,4,22,14:00,46,14:46
,,1,2026-04-22 14:49:24.598056827,2026,4,22,14:00,49,14:49
,,2,2026-04-22 14:49:27.336702537,2026,4,22,14:00,49,14:49
,,1,2026-04-22 14:52:52.847969769,2026,4,22,14:00,52,14:52
,,2,2026-04-22 14:53:06.686133912,2026,4,22,14:00,53,14:53
,,1,2026-04-22 14:54:30.339029963,2026,4,22,14:00,54,14:54
,,0,2026-04-22 14:54:38.994954424,2026,4,22,14:00,54,14:54
,,0,2026-04-22 14:55:20.372306902,2026,4,22,14:00,55,14:55
,,1,2026-04-22 14:56:34.268854092,2026,4,22,14:00,56,14:56
,,0,2026-04-22 14:57:55.684692692,2026,4,22,14:00,57,14:57
,,0,2026-04-22 14:58:27.301454318,2026,4,22,14:00,58,14:58
,,0,2026-04-22 14:59:21.964844107,2026,4,22,14:00,59,14:59
,,1,2026-04-22 15:15:58.434842327,2026,4,22,15:00,15,15:15
,,0,2026-04-22 15:17:44.932090297,2026,4,22,15:00,17,15:17
,,1,2026-04-22 17:02:30.658250060,2026,4,22,17:00,2,17:02
,,0,2026-04-22 17:02:49.388612408,2026,4,22,17:00,2,17:02
,,1,2026-04-22 17:04:21.431993484,2026,4,22,17:00,4,17:04
,,2,2026-04-22 17:05:13.158178685,2026,4,22,17:00,5,17:05
,,3,2026-04-22 17:14:31.391951835,2026,4,22,17:00,14,17:14
,,2,2026-04-22 17:15:31.429708764,2026,4,22,17:00,15,17:15
,,3,2026-04-22 17:16:55.506186437,2026,4,22,17:00,16,17:16
,,4,2026-04-22 17:17:54.539246931,2026,4,22,17:00,17,17:17
,,3,2026-04-22 17:20:00.080798077,2026,4,22,17:00,20,17:20
,,2,2026-04-22 17:20:08.690373933,2026,4,22,17:00,20,17:20
,,1,2026-04-22 17:20:10.602258480,2026,4,22,17:00,20,17:20
,,0,2026-04-22 17:20:13.017683267,2026,4,22,17:00,20,17:20
,,1,2026-04-22 17:20:14.907859877,2026,4,22,17:00,20,17:20
,,2,2026-04-22 17:25:10.616720078,2026,4,22,17:00,25,17:25
,,3,2026-04-22 17:25:17.547261420,2026,4,22,17:00,25,17:25
,,4,2026-04-22 17:25:20.510726327,2026,4,22,17:00,25,17:25
,,3,2026-04-22 17:26:21.832324914,2026,4,22,17:00,26,17:26
,,2,2026-04-22 17:28:09.036036253,2026,4,22,17:00,28,17:28
,,3,2026-04-22 17:28:13.865370950,2026,4,22,17:00,28,17:28
,,2,2026-04-22 17:28:17.895241261,2026,4,22,17:00,28,17:28
,,3,2026-04-22 17:28:26.235008941,2026,4,22,17:00,28,17:28
,,2,2026-04-22 17:28:53.566146140,2026,4,22,17:00,28,17:28
,,3,2026-04-22 17:29:22.044486657,2026,4,22,17:00,29,17:29
,,2,2026-04-22 17:29:38.084117916,2026,4,22,17:00,29,17:29
,,3,2026-04-22 17:30:30.752842418,2026,4,22,17:00,30,17:30
,,4,2026-04-22 17:32:16.362898202,2026,4,22,17:00,32,17:32
,,5,2026-04-22 17:32:44.278137626,2026,4,22,17:00,32,17:32
,,6,2026-04-22 17:34:01.866546394,2026,4,22,17:00,34,17:34
,,5,2026-04-22 17:35:14.871967907,2026,4,22,17:00,35,17:35
,,6,2026-04-22 17:35:40.385999651,2026,4,22,17:00,35,17:35
,,5,2026-04-22 17:36:17.209069777,2026,4,22,17:00,36,17:36
,,6,2026-04-22 17:52:36.518794188,2026,4,22,17:00,52,17:52
,,7,2026-04-22 17:52:49.433247099,2026,4,22,17:00,52,17:52
,,6,2026-04-22 17:55:40.733097492,2026,4,22,17:00,55,17:55
,,7,2026-04-22 17:56:00.397117345,2026,4,22,17:00,56,17:56
,,6,2026-04-22 17:58:24.177052813,2026,4,22,17:00,58,17:58
,,7,2026-04-22 17:58:41.182310017,2026,4,22,17:00,58,17:58
,,6,2026-04-22 18:05:17.680757809,2026,4,22,18:00,5,18:05
,,5,2026-04-22 18:09:07.418618229,2026,4,22,18:00,9,18:09
,,6,2026-04-22 18:10:31.142774212,2026,4,22,18:00,10,18:10
,,5,2026-04-22 18:10:34.281618016,2026,4,22,18:00,10,18:10
,,4,2026-04-22 18:10:41.182108868,2026,4,22,18:00,10,18:10
,,3,2026-04-22 18:11:59.362781837,2026,4,22,18:00,11,18:11
,,4,2026-04-22 18:13:24.389754495,2026,4,22,18:00,13,18:13
,,5,2026-04-22 18:13:30.635888378,2026,4,22,18:00,13,18:13
,,6,2026-04-22 18:13:45.947425763,2026,4,22,18:00,13,18:13
,,5,2026-04-22 18:13:57.998718631,2026,4,22,18:00,13,18:13
,,6,2026-04-22 18:14:12.221693269,2026,4,22,18:00,14,18:14
,,5,2026-04-22 18:16:52.442659425,2026,4,22,18:00,16,18:16
,,4,2026-04-22 18:25:41.964535383,2026,4,22,18:00,25,18:25
,,3,2026-04-22 18:25:44.878272671,2026,4,22,18:00,25,18:25
,,2,2026-04-22 18:25:46.797757637,2026,4,22,18:00,25,18:25
,,1,2026-04-22 18:25:48.927751937,2026,4,22,18:00,25,18:25
,,0,2026-04-22 18:25:50.815616988,2026,4,22,18:00,25,18:25
,,0,2026-04-22 18:25:53.702029604,2026,4,22,18:00,25,18:25
,,1,2026-04-22 18:25:57.694500400,2026,4,22,18:00,25,18:25
,,2,2026-04-22 18:26:00.906386972,2026,4,22,18:00,26,18:26
,,3,2026-04-22 18:26:03.730797960,2026,4,22,18:00,26,18:26
,,2,2026-04-22 18:26:05.896882986,2026,4,22,18:00,26,18:26
,,1,2026-04-22 18:26:07.901218866,2026,4,22,18:00,26,18:26
,,2,2026-04-22 18:26:10.076059837,2026,4,22,18:00,26,18:26
,,3,2026-04-22 18:26:27.323278159,2026,4,22,18:00,26,18:26
,,4,2026-04-22 18:26:31.745728236,2026,4,22,18:00,26,18:26
,,5,2026-04-22 18:26:36.847994436,2026,4,22,18:00,26,18:26
,,6,2026-04-22 18:26:40.631444313,2026,4,22,18:00,26,18:26
,,5,2026-04-22 18:26:43.098576472,2026,4,22,18:00,26,18:26
,,6,2026-04-22 18:26:49.462998998,2026,4,22,18:00,26,18:26
,,5,2026-04-22 18:26:53.480997760,2026,4,22,18:00,26,18:26
,,6,2026-04-22 18:26:59.856399401,2026,4,22,18:00,26,18:26
,,5,2026-04-22 18:27:24.589913686,2026,4,22,18:00,27,18:27
,,6,2026-04-22 18:27:31.611824257,2026,4,22,18:00,27,18:27
,,7,2026-04-22 18:27:43.611029199,2026,4,22,18:00,27,18:27
,,6,2026-04-22 18:27:49.954288996,2026,4,22,18:00,27,18:27
,,5,2026-04-22 18:32:37.005947058,2026,4,22,18:00,32,18:32
,,4,2026-04-22 18:33:15.995556857,2026,4,22,18:00,33,18:33
,,5,2026-04-22 18:33:31.338466200,2026,4,22,18:00,33,18:33
,,4,2026-04-22 18:35:18.067653843,2026,4,22,18:00,35,18:35
,,5,2026-04-22 18:35:58.392921962,2026,4,22,18:00,35,18:35
,,4,2026-04-22 18:37:55.393352791,2026,4,22,18:00,37,18:37
,,3,2026-04-22 18:37:59.753722008,2026,4,22,18:00,37,18:37
,,2,2026-04-22 18:38:33.376718166,2026,4,22,18:00,38,18:38
,,3,2026-04-22 18:40:02.586595785,2026,4,22,18:00,40,18:40
,,2,2026-04-22 18:41:14.674955369,2026,4,22,18:00,41,18:41
,,1,2026-04-22 18:41:19.897964236,2026,4,22,18:00,41,18:41
,,2,2026-04-22 18:45:38.267723027,2026,4,22,18:00,45,18:45
,,1,2026-04-22 18:46:03.777482134,2026,4,22,18:00,46,18:46
,,2,2026-04-22 18:49:49.910728131,2026,4,22,18:00,49,18:49
,,3,2026-04-22 18:57:44.055372615,2026,4,22,18:00,57,18:57
,,2,2026-04-22 19:00:04.836319969,2026,4,22,19:00,0,19:00
,,3,2026-04-22 19:04:03.567534887,2026,4,22,19:00,4,19:04
,,4,2026-04-22 19:04:09.230634271,2026,4,22,19:00,4,19:04
,,3,2026-04-22 19:09:14.031606243,2026,4,22,19:00,9,19:09
,,2,2026-04-22 19:09:18.444939617,2026,4,22,19:00,9,19:09
,,1,2026-04-22 19:11:54.432313273,2026,4,22,19:00,11,19:11
,,0,2026-04-22 19:33:21.630018321,2026,4,22,19:00,33,19:33
,,1,2026-04-22 19:34:15.948523515,2026,4,22,19:00,34,19:34
,,2,2026-04-22 19:54:12.607249358,2026,4,22,19:00,54,19:54
,,3,2026-04-22 19:54:33.708159383,2026,4,22,19:00,54,19:54
,,2,2026-04-22 20:00:26.280870281,2026,4,22,20:00,0,20:00
,,3,2026-04-22 20:00:33.616877584,2026,4,22,20:00,0,20:00
,,4,2026-04-22 20:00:58.397735372,2026,4,22,20:00,0,20:00
,,3,2026-04-22 20:02:49.348343514,2026,4,22,20:00,2,20:02
,,2,2026-04-22 20:04:07.565539429,2026,4,22,20:00,4,20:04
,,1,2026-04-22 20:13:58.650011788,2026,4,22,20:00,13,20:13
,,2,2026-04-22 20:16:49.084370479,2026,4,22,20:00,16,20:16
,,3,2026-04-22 20:20:00.032680182,2026,4,22,20:00,20,20:20
,,2,2026-04-22 20:20:02.840513819,2026,4,22,20:00,20,20:20
,,1,2026-04-22 20:20:05.760519050,2026,4,22,20:00,20,20:20
,,2,2026-04-22 20:46:07.395203844,2026,4,22,20:00,46,20:46
,,1,2026-04-22 20:51:27.253786237,2026,4,22,20:00,51,20:51
,,2,2026-04-22 21:13:48.276367589,2026,4,22,21:00,13,21:13
,,3,2026-04-22 21:14:19.302876847,2026,4,22,21:00,14,21:14
,,4,2026-04-22 21:14:22.864337036,2026,4,22,21:00,14,21:14
,,3,2026-04-22 21:14:36.499284269,2026,4,22,21:00,14,21:14
,,4,2026-04-22 21:15:28.775563851,2026,4,22,21:00,15,21:15
,,5,2026-04-22 21:27:39.581997410,2026,4,22,21:00,27,21:27
,,4,2026-04-22 21:36:36.006568096,2026,4,22,21:00,36,21:36
,,3,2026-04-22 21:37:54.785714658,2026,4,22,21:00,37,21:37
,,2,2026-04-22 21:38:41.403223235,2026,4,22,21:00,38,21:38
,,3,2026-04-22 21:38:43.429085556,2026,4,22,21:00,38,21:38
,,2,2026-04-22 21:38:54.243741314,2026,4,22,21:00,38,21:38
,,1,2026-04-22 21:40:04.980165062,2026,4,22,21:00,40,21:40
,,0,2026-04-22 21:40:35.399454580,2026,4,22,21:00,40,21:40
,,0,2026-04-22 21:40:37.323816077,2026,4,22,21:00,40,21:40
,,0,2026-04-22 21:40:40.886205211,2026,4,22,21:00,40,21:40
,,0,2026-04-22 21:40:47.189721056,2026,4,22,21:00,40,21:40
,,0,2026-04-22 21:50:04.122354151,2026,4,22,21:00,50,21:50
,,0,2026-04-22 21:56:34.710455292,2026,4,22,21:00,56,21:56
,,1,2026-04-22 22:02:30.750372127,2026,4,22,22:00,2,22:02
,,0,2026-04-22 22:23:15.507108436,2026,4,22,22:00,23,22:23
,,0,2026-04-22 22:23:21.817772896,2026,4,22,22:00,23,22:23
,,1,2026-04-22 22:23:29.858856286,2026,4,22,22:00,23,22:23
,,2,2026-04-22 22:23:34.368791544,2026,4,22,22:00,23,22:23
,,1,2026-04-22 22:23:38.347285479,2026,4,22,22:00,23,22:23
,,0,2026-04-22 22:29:03.805688578,2026,4,22,22:00,29,22:29
,,0,2026-04-22 22:29:48.153497339,2026,4,22,22:00,29,22:29
,,1,2026-04-22 22:29:50.050383135,2026,4,22,22:00,29,22:29
,,2,2026-04-22 22:32:20.226607991,2026,4,22,22:00,32,22:32
,,3,2026-04-22 22:32:25.880131046,2026,4,22,22:00,32,22:32
,,2,2026-04-22 22:33:18.721028741,2026,4,22,22:00,33,22:33
,,3,2026-04-22 22:33:22.349086467,2026,4,22,22:00,33,22:33
,,2,2026-04-22 22:34:29.345713110,2026,4,22,22:00,34,22:34
,,1,2026-04-22 22:40:17.512403995,2026,4,22,22:00,40,22:40
,,2,2026-04-22 22:40:27.446685323,2026,4,22,22:00,40,22:40
,,1,2026-04-22 22:40:34.113233776,2026,4,22,22:00,40,22:40
,,0,2026-04-22 22:40:39.085318313,2026,4,22,22:00,40,22:40
,,0,2026-04-22 23:13:07.667847632,2026,4,22,23:00,13,23:13
,,1,2026-04-22 23:14:39.885220989,2026,4,22,23:00,14,23:14
,,0,2026-04-22 23:39:53.134874452,2026,4,22,23:00,39,23:39
,,0,2026-04-22 23:40:16.313780954,2026,4,22,23:00,40,23:40
,,0,2026-04-22 23:40:57.493710593,2026,4,22,23:00,40,23:40
,,1,2026-04-22 23:41:02.884873462,2026,4,22,23:00,41,23:41
,,0,2026-04-22 23:58:26.235729858,2026,4,22,23:00,58,23:58
,,1,2026-04-22 23:58:42.862360796,2026,4,22,23:00,58,23:58
,,0,2026-04-23 00:17:43.019714866,2026,4,23,00:00,17,00:17
,,1,2026-04-23 00:20:18.218301863,2026,4,23,00:00,20,00:20
,,0,2026-04-23 00:30:01.482076646,2026,4,23,00:00,30,00:30
,,1,2026-04-23 00:31:08.174057000,2026,4,23,00:00,31,00:31
,,2,2026-04-23 00:31:11.345735309,2026,4,23,00:00,31,00:31
,,3,2026-04-23 01:13:28.272966800,2026,4,23,01:00,13,01:13
,,2,2026-04-23 01:15:19.705785658,2026,4,23,01:00,15,01:15
,,3,2026-04-23 01:16:16.650046642,2026,4,23,01:00,16,01:16
,,2,2026-04-23 01:20:01.079586411,2026,4,23,01:00,20,01:20
,,1,2026-04-23 01:21:14.890667764,2026,4,23,01:00,21,01:21
,,2,2026-04-23 01:21:16.762952128,2026,4,23,01:00,21,01:21
,,1,2026-04-23 01:56:23.774069768,2026,4,23,01:00,56,01:56
,,0,2026-04-23 01:57:33.015869624,2026,4,23,01:00,57,01:57
,,1,2026-04-23 01:57:34.908739154,2026,4,23,01:00,57,01:57
,,2,2026-04-23 02:00:47.316907838,2026,4,23,02:00,0,02:00
,,1,2026-04-23 02:01:49.300710642,2026,4,23,02:00,1,02:01
,,0,2026-04-23 02:33:48.836713474,2026,4,23,02:00,33,02:33
,,0,2026-04-23 02:33:50.737581271,2026,4,23,02:00,33,02:33
,,0,2026-04-23 02:36:33.033116010,2026,4,23,02:00,36,02:36
,,0,2026-04-23 02:36:50.662585404,2026,4,23,02:00,36,02:36
,,0,2026-04-23 02:54:05.842396968,2026,4,23,02:00,54,02:54
,,0,2026-04-23 02:54:21.417184975,2026,4,23,02:00,54,02:54
,,1,2026-04-23 02:56:20.646708899,2026,4,23,02:00,56,02:56
,,0,2026-04-23 02:57:20.521943903,2026,4,23,02:00,57,02:57
,,0,2026-04-23 03:19:29.430127189,2026,4,23,03:00,19,03:19
,,1,2026-04-23 03:49:09.210802893,2026,4,23,03:00,49,03:49
,,0,2026-04-23 03:49:47.313033578,2026,4,23,03:00,49,03:49
,,1,2026-04-23 03:50:05.628659942,2026,4,23,03:00,50,03:50
,,2,2026-04-23 03:50:17.825107077,2026,4,23,03:00,50,03:50
,,1,2026-04-23 03:59:54.385254403,2026,4,23,03:00,59,03:59
,,2,2026-04-23 04:11:47.356304003,2026,4,23,04:00,11,04:11
,,3,2026-04-23 04:16:13.012637545,2026,4,23,04:00,16,04:16
,,2,2026-04-23 04:16:40.935967259,2026,4,23,04:00,16,04:16
,,3,2026-04-23 04:18:24.228666010,2026,4,23,04:00,18,04:18
,,2,2026-04-23 04:19:08.734147455,2026,4,23,04:00,19,04:19
,,1,2026-04-23 04:20:30.052558257,2026,4,23,04:00,20,04:20
,,0,2026-04-23 04:20:38.964380759,2026,4,23,04:00,20,04:20
,,0,2026-04-23 04:28:59.314830783,2026,4,23,04:00,28,04:28
,,1,2026-04-23 04:29:01.231783073,2026,4,23,04:00,29,04:29
,,2,2026-04-23 04:29:06.618942411,2026,4,23,04:00,29,04:29
,,1,2026-04-23 04:29:13.306786645,2026,4,23,04:00,29,04:29
,,2,2026-04-23 04:32:08.525567734,2026,4,23,04:00,32,04:32
,,1,2026-04-23 04:33:19.182576062,2026,4,23,04:00,33,04:33
,,2,2026-04-23 04:34:23.747718576,2026,4,23,04:00,34,04:34
,,3,2026-04-23 04:35:15.819762379,2026,4,23,04:00,35,04:35
,,2,2026-04-23 04:35:25.566270318,2026,4,23,04:00,35,04:35
,,1,2026-04-23 04:39:25.030567270,2026,4,23,04:00,39,04:39
,,2,2026-04-23 04:39:30.855986783,2026,4,23,04:00,39,04:39
,,1,2026-04-23 04:39:50.816113671,2026,4,23,04:00,39,04:39
,,2,2026-04-23 04:44:20.048066722,2026,4,23,04:00,44,04:44
,,1,2026-04-23 04:44:31.442156015,2026,4,23,04:00,44,04:44
,,2,2026-04-23 04:50:50.932925610,2026,4,23,04:00,50,04:50
,,3,2026-04-23 04:50:53.929885863,2026,4,23,04:00,50,04:50
,,4,2026-04-23 04:51:08.944195963,2026,4,23,04:00,51,04:51
,,3,2026-04-23 04:51:32.660488135,2026,4,23,04:00,51,04:51
,,4,2026-04-23 04:52:36.641252354,2026,4,23,04:00,52,04:52
,,3,2026-04-23 04:53:11.906079894,2026,4,23,04:00,53,04:53
,,2,2026-04-23 04:53:25.178069851,2026,4,23,04:00,53,04:53
,,1,2026-04-23 04:54:43.884664417,2026,4,23,04:00,54,04:54
,,2,2026-04-23 04:54:59.216837279,2026,4,23,04:00,54,04:54
,,3,2026-04-23 04:55:10.590079479,2026,4,23,04:00,55,04:55
,,2,2026-04-23 04:55:17.779754857,2026,4,23,04:00,55,04:55
,,1,2026-04-23 04:55:28.172563179,2026,4,23,04:00,55,04:55
,,2,2026-04-23 04:55:38.793255159,2026,4,23,04:00,55,04:55
,,3,2026-04-23 04:55:42.115234620,2026,4,23,04:00,55,04:55
,,2,2026-04-23 04:57:51.976005536,2026,4,23,04:00,57,04:57
,,3,2026-04-23 04:58:01.192120108,2026,4,23,04:00,58,04:58
