clouds,humidity,location,pressure,temperature,time,visibility,wind_speed,year,month,day,hour,minute,time_only
100,29,alsogod,1018,16.65,2026-04-22 11:17:01.781338100,10000,2.45,2026,4,22,11:00,17,11:17
100,29,alsogod,1018,16.65,2026-04-22 11:17:16.277209195,10000,2.45,2026,4,22,11:00,17,11:17
100,29,alsogod,1018,16.65,2026-04-22 11:18:16.419710278,10000,2.45,2026,4,22,11:00,18,11:18
100,29,alsogod,1018,16.65,2026-04-22 11:19:16.443958175,10000,2.45,2026,4,22,11:00,19,11:19
100,29,alsogod,1018,16.65,2026-04-22 11:20:16.469608139,10000,2.45,2026,4,22,11:00,20,11:20
100,29,alsogod,1018,16.65,2026-04-22 11:21:16.230464359,10000,2.45,2026,4,22,11:00,21,11:21
100,29,alsogod,1018,16.65,2026-04-22 11:24:15.546703611,10000,2.45,2026,4,22,11:00,24,11:24
100,29,alsogod,1018,16.65,2026-04-22 11:25:15.711615912,10000,2.45,2026,4,22,11:00,25,11:25
100,29,alsogod,1018,16.65,2026-04-22 11:26:16.202430020,10000,2.45,2026,4,22,11:00,26,11:26
100,29,alsogod,1018,16.65,2026-04-22 11:27:15.445308932,10000,2.45,2026,4,22,11:00,27,11:27
100,29,alsogod,1018,16.65,2026-04-22 11:28:17.193447624,10000,2.45,2026,4,22,11:00,28,11:28
100,29,alsogod,1018,16.65,2026-04-22 11:29:15.395034526,10000,2.45,2026,4,22,11:00,29,11:29
100,29,alsogod,1018,16.65,2026-04-22 11:30:15.483884465,10000,2.45,2026,4,22,11:00,30,11:30
100,29,alsogod,1018,16.65,2026-04-22 11:31:15.391635814,10000,2.45,2026,4,22,11:00,31,11:31
100,29,alsogod,1018,16.65,2026-04-22 11:32:15.618073781,10000,2.45,2026,4,22,11:00,32,11:32
100,29,alsogod,1018,16.65,2026-04-22 11:33:15.519201752,10000,2.45,2026,4,22,11:00,33,11:33
100,29,alsogod,1018,16.65,2026-04-22 11:34:15.379280188,10000,2.45,2026,4,22,11:00,34,11:34
100,29,alsogod,1018,17.15,2026-04-22 11:35:15.592004765,10000,3.28,2026,4,22,11:00,35,11:35
100,29,alsogod,1018,17.15,2026-04-22 11:36:15.677438098,10000,3.28,2026,4,22,11:00,36,11:36
100,29,alsogod,1018,17.15,2026-04-22 11:37:15.521464271,10000,3.28,2026,4,22,11:00,37,11:37
100,29,alsogod,1018,17.15,2026-04-22 11:38:15.620038426,10000,3.28,2026,4,22,11:00,38,11:38
100,29,alsogod,1018,17.15,2026-04-22 11:39:15.957227123,10000,3.28,2026,4,22,11:00,39,11:39
100,29,alsogod,1018,17.15,2026-04-22 11:40:15.528133365,10000,3.28,2026,4,22,11:00,40,11:40
100,29,alsogod,1018,17.15,2026-04-22 11:41:15.658600780,10000,3.28,2026,4,22,11:00,41,11:41
100,29,alsogod,1018,17.15,2026-04-22 11:42:16.333661868,10000,3.28,2026,4,22,11:00,42,11:42
100,29,alsogod,1018,17.15,2026-04-22 11:43:15.843605908,10000,3.28,2026,4,22,11:00,43,11:43
100,29,alsogod,1018,17.15,2026-04-22 11:44:15.735152121,10000,3.28,2026,4,22,11:00,44,11:44
100,29,alsogod,1018,17.15,2026-04-22 11:45:15.740438128,10000,3.28,2026,4,22,11:00,45,11:45
100,29,alsogod,1018,17.15,2026-04-22 11:46:15.753805451,10000,3.28,2026,4,22,11:00,46,11:46
100,30,alsogod,1018,17.15,2026-04-22 11:47:15.614086658,10000,3.28,2026,4,22,11:00,47,11:47
100,30,alsogod,1018,17.15,2026-04-22 11:48:15.821306484,10000,3.28,2026,4,22,11:00,48,11:48
100,30,alsogod,1018,17.15,2026-04-22 11:49:15.660016495,10000,3.28,2026,4,22,11:00,49,11:49
100,30,alsogod,1018,17.15,2026-04-22 11:50:15.707568028,10000,3.28,2026,4,22,11:00,50,11:50
100,30,alsogod,1018,17.15,2026-04-22 11:51:15.731086306,10000,3.28,2026,4,22,11:00,51,11:51
100,30,alsogod,1018,17.15,2026-04-22 11:52:15.735187712,10000,3.28,2026,4,22,11:00,52,11:52
100,30,alsogod,1018,17.15,2026-04-22 11:53:15.640116721,10000,3.28,2026,4,22,11:00,53,11:53
100,30,alsogod,1018,17.15,2026-04-22 11:54:15.694535718,10000,3.28,2026,4,22,11:00,54,11:54
100,30,alsogod,1018,17.15,2026-04-22 11:55:15.820003928,10000,3.28,2026,4,22,11:00,55,11:55
100,30,alsogod,1018,17.17,2026-04-22 11:56:15.967379116,10000,3.28,2026,4,22,11:00,56,11:56
100,30,alsogod,1018,17.17,2026-04-22 11:57:15.794383493,10000,3.28,2026,4,22,11:00,57,11:57
100,30,alsogod,1018,17.17,2026-04-22 11:58:15.755452685,10000,3.28,2026,4,22,11:00,58,11:58
100,30,alsogod,1018,17.17,2026-04-22 11:59:15.782689103,10000,3.28,2026,4,22,11:00,59,11:59
100,30,alsogod,1018,17.17,2026-04-22 12:00:15.812059605,10000,3.28,2026,4,22,12:00,0,12:00
100,30,alsogod,1018,17.17,2026-04-22 12:01:15.995708135,10000,3.28,2026,4,22,12:00,1,12:01
100,29,alsogod,1018,17.17,2026-04-22 12:02:15.815364622,10000,3.28,2026,4,22,12:00,2,12:02
100,29,alsogod,1018,17.17,2026-04-22 12:03:15.760580844,10000,3.28,2026,4,22,12:00,3,12:03
100,29,alsogod,1018,17.17,2026-04-22 12:04:15.735930960,10000,3.28,2026,4,22,12:00,4,12:04
100,29,alsogod,1018,17.17,2026-04-22 12:05:15.849387834,10000,3.28,2026,4,22,12:00,5,12:05
100,29,alsogod,1018,17.17,2026-04-22 12:06:15.917101218,10000,3.28,2026,4,22,12:00,6,12:06
100,29,alsogod,1018,17.17,2026-04-22 12:07:15.910307197,10000,3.28,2026,4,22,12:00,7,12:07
100,29,alsogod,1018,17.17,2026-04-22 12:08:15.937696833,10000,3.28,2026,4,22,12:00,8,12:08
100,29,alsogod,1018,17.17,2026-04-22 12:09:15.930265731,10000,3.28,2026,4,22,12:00,9,12:09
100,29,alsogod,1018,17.17,2026-04-22 12:10:15.868853221,10000,3.28,2026,4,22,12:00,10,12:10
100,29,alsogod,1018,17.17,2026-04-22 12:11:15.786163934,10000,3.28,2026,4,22,12:00,11,12:11
100,29,alsogod,1018,17.17,2026-04-22 12:12:15.831575520,10000,3.28,2026,4,22,12:00,12,12:12
100,28,alsogod,1018,17.17,2026-04-22 12:13:15.821353553,10000,3.28,2026,4,22,12:00,13,12:13
100,28,alsogod,1018,17.17,2026-04-22 12:14:15.894607465,10000,3.28,2026,4,22,12:00,14,12:14
100,28,alsogod,1018,17.17,2026-04-22 12:15:15.838117897,10000,3.28,2026,4,22,12:00,15,12:15
100,28,alsogod,1018,17.17,2026-04-22 12:16:15.843813116,10000,3.28,2026,4,22,12:00,16,12:16
100,28,alsogod,1018,17.17,2026-04-22 12:17:15.954161703,10000,3.28,2026,4,22,12:00,17,12:17
100,28,alsogod,1018,17.17,2026-04-22 12:18:16.303841670,10000,3.28,2026,4,22,12:00,18,12:18
100,28,alsogod,1018,17.17,2026-04-22 12:19:15.843960077,10000,3.28,2026,4,22,12:00,19,12:19
100,28,alsogod,1018,17.17,2026-04-22 12:20:15.927492003,10000,3.28,2026,4,22,12:00,20,12:20
100,29,alsogod,1018,17.17,2026-04-22 12:21:15.950570638,10000,3.28,2026,4,22,12:00,21,12:21
100,29,alsogod,1018,17.17,2026-04-22 12:22:15.933881224,10000,3.28,2026,4,22,12:00,22,12:22
100,29,alsogod,1018,17.17,2026-04-22 12:23:15.902809508,10000,3.28,2026,4,22,12:00,23,12:23
100,29,alsogod,1018,17.17,2026-04-22 12:24:15.936431211,10000,3.28,2026,4,22,12:00,24,12:24
100,29,alsogod,1018,17.17,2026-04-22 12:25:14.905310289,10000,3.28,2026,4,22,12:00,25,12:25
100,29,alsogod,1018,17.17,2026-04-22 12:26:14.912355585,10000,3.28,2026,4,22,12:00,26,12:26
100,29,alsogod,1018,17.17,2026-04-22 12:27:14.897125287,10000,3.28,2026,4,22,12:00,27,12:27
100,29,alsogod,1018,17.17,2026-04-22 12:28:14.907854646,10000,3.28,2026,4,22,12:00,28,12:28
100,29,alsogod,1018,17.17,2026-04-22 12:29:14.931511548,10000,3.28,2026,4,22,12:00,29,12:29
100,29,alsogod,1018,17.17,2026-04-22 12:30:14.963319617,10000,3.28,2026,4,22,12:00,30,12:30
100,29,alsogod,1018,17.17,2026-04-22 12:31:14.871725221,10000,3.28,2026,4,22,12:00,31,12:31
78,28,alsogod,1018,16.65,2026-04-22 12:32:15.116306510,10000,3.66,2026,4,22,12:00,32,12:32
78,28,alsogod,1018,16.65,2026-04-22 12:33:14.968263047,10000,3.66,2026,4,22,12:00,33,12:33
78,28,alsogod,1018,16.65,2026-04-22 12:34:14.955395667,10000,3.66,2026,4,22,12:00,34,12:34
78,28,alsogod,1018,16.65,2026-04-22 12:35:14.929664284,10000,3.66,2026,4,22,12:00,35,12:35
78,28,alsogod,1018,16.65,2026-04-22 12:36:14.924542473,10000,3.66,2026,4,22,12:00,36,12:36
78,28,alsogod,1018,16.65,2026-04-22 12:37:14.940717389,10000,3.66,2026,4,22,12:00,37,12:37
78,28,alsogod,1018,16.65,2026-04-22 12:38:14.931174962,10000,3.66,2026,4,22,12:00,38,12:38
78,28,alsogod,1018,16.65,2026-04-22 12:39:15.023032308,10000,3.66,2026,4,22,12:00,39,12:39
78,28,alsogod,1018,16.65,2026-04-22 12:40:14.981239256,10000,3.66,2026,4,22,12:00,40,12:40
78,28,alsogod,1018,16.65,2026-04-22 12:41:15.004308251,10000,3.66,2026,4,22,12:00,41,12:41
78,28,alsogod,1018,16.65,2026-04-22 12:42:15.004529064,10000,3.66,2026,4,22,12:00,42,12:42
78,28,alsogod,1018,17.17,2026-04-22 12:43:15.068436133,10000,3.66,2026,4,22,12:00,43,12:43
78,28,alsogod,1018,17.17,2026-04-22 12:44:15.025821645,10000,3.66,2026,4,22,12:00,44,12:44
78,28,alsogod,1018,17.17,2026-04-22 12:45:15.056900075,10000,3.66,2026,4,22,12:00,45,12:45
78,28,alsogod,1018,17.17,2026-04-22 12:46:15.061022007,10000,3.66,2026,4,22,12:00,46,12:46
78,28,alsogod,1018,17.17,2026-04-22 12:47:15.054090907,10000,3.66,2026,4,22,12:00,47,12:47
78,29,alsogod,1018,17.17,2026-04-22 12:48:15.150695710,10000,3.66,2026,4,22,12:00,48,12:48
78,29,alsogod,1018,17.17,2026-04-22 12:49:15.078976490,10000,3.66,2026,4,22,12:00,49,12:49
78,29,alsogod,1018,17.17,2026-04-22 12:50:15.076146543,10000,3.66,2026,4,22,12:00,50,12:50
78,29,alsogod,1018,17.17,2026-04-22 12:51:15.069460693,10000,3.66,2026,4,22,12:00,51,12:51
78,29,alsogod,1018,17.17,2026-04-22 12:52:15.123906056,10000,3.66,2026,4,22,12:00,52,12:52
78,29,alsogod,1018,17.17,2026-04-22 12:53:15.107355829,10000,3.66,2026,4,22,12:00,53,12:53
78,29,alsogod,1018,17.17,2026-04-22 12:54:15.255027825,10000,3.66,2026,4,22,12:00,54,12:54
78,29,alsogod,1018,17.17,2026-04-22 12:55:15.210369188,10000,3.66,2026,4,22,12:00,55,12:55
78,29,alsogod,1018,17.17,2026-04-22 12:56:15.141581045,10000,3.66,2026,4,22,12:00,56,12:56
78,29,alsogod,1018,17.17,2026-04-22 12:57:15.084632583,10000,3.66,2026,4,22,12:00,57,12:57
78,29,alsogod,1018,17.17,2026-04-22 12:58:15.075952077,10000,3.66,2026,4,22,12:00,58,12:58
78,29,alsogod,1018,17.15,2026-04-22 12:59:15.213821324,10000,3.66,2026,4,22,12:00,59,12:59
78,29,alsogod,1018,17.15,2026-04-22 13:00:15.109740931,10000,3.66,2026,4,22,13:00,0,13:00
78,28,alsogod,1018,17.15,2026-04-22 13:01:15.196706220,10000,3.66,2026,4,22,13:00,1,13:01
78,28,alsogod,1018,17.15,2026-04-22 13:02:15.204738891,10000,3.66,2026,4,22,13:00,2,13:02
78,28,alsogod,1018,17.15,2026-04-22 13:03:15.160159613,10000,3.66,2026,4,22,13:00,3,13:03
78,28,alsogod,1018,17.15,2026-04-22 13:04:15.209184688,10000,3.66,2026,4,22,13:00,4,13:04
78,28,alsogod,1018,17.15,2026-04-22 13:05:15.215460128,10000,3.66,2026,4,22,13:00,5,13:05
78,28,alsogod,1018,17.15,2026-04-22 13:06:15.203756679,10000,3.66,2026,4,22,13:00,6,13:06
78,28,alsogod,1018,17.15,2026-04-22 13:07:15.195838215,10000,3.66,2026,4,22,13:00,7,13:07
78,28,alsogod,1018,17.15,2026-04-22 13:08:15.187483294,10000,3.66,2026,4,22,13:00,8,13:08
78,28,alsogod,1017,16.65,2026-04-22 13:09:15.272374389,10000,3.66,2026,4,22,13:00,9,13:09
78,28,alsogod,1017,16.65,2026-04-22 13:10:15.215701257,10000,3.66,2026,4,22,13:00,10,13:10
78,28,alsogod,1017,16.65,2026-04-22 13:11:15.203502818,10000,3.66,2026,4,22,13:00,11,13:11
78,30,alsogod,1017,16.65,2026-04-22 13:12:15.379850783,10000,3.66,2026,4,22,13:00,12,13:12
78,30,alsogod,1017,16.65,2026-04-22 13:13:15.209600905,10000,3.66,2026,4,22,13:00,13,13:13
78,30,alsogod,1017,16.65,2026-04-22 13:14:15.252179015,10000,3.66,2026,4,22,13:00,14,13:14
78,30,alsogod,1017,16.65,2026-04-22 13:15:15.332687728,10000,3.66,2026,4,22,13:00,15,13:15
78,28,alsogod,1017,16.65,2026-04-22 13:16:15.307214132,10000,3.66,2026,4,22,13:00,16,13:16
78,28,alsogod,1017,16.65,2026-04-22 13:17:15.277373870,10000,3.66,2026,4,22,13:00,17,13:17
78,28,alsogod,1017,16.65,2026-04-22 13:18:15.323033447,10000,3.66,2026,4,22,13:00,18,13:18
78,28,alsogod,1017,16.65,2026-04-22 13:19:15.470868269,10000,3.66,2026,4,22,13:00,19,13:19
78,28,alsogod,1017,16.65,2026-04-22 13:20:15.326874911,10000,3.66,2026,4,22,13:00,20,13:20
78,28,alsogod,1017,16.65,2026-04-22 13:21:15.335537976,10000,3.66,2026,4,22,13:00,21,13:21
78,28,alsogod,1017,16.65,2026-04-22 13:22:15.274794001,10000,3.66,2026,4,22,13:00,22,13:22
78,28,alsogod,1017,16.65,2026-04-22 13:23:15.340330135,10000,3.66,2026,4,22,13:00,23,13:23
78,28,alsogod,1017,16.65,2026-04-22 13:24:15.351453951,10000,3.66,2026,4,22,13:00,24,13:24
78,28,alsogod,1017,16.65,2026-04-22 13:25:15.344030202,10000,3.66,2026,4,22,13:00,25,13:25
78,28,alsogod,1017,16.65,2026-04-22 13:26:15.344001847,10000,3.66,2026,4,22,13:00,26,13:26
78,28,alsogod,1017,16.65,2026-04-22 13:27:15.316745306,10000,3.66,2026,4,22,13:00,27,13:27
78,28,alsogod,1017,16.65,2026-04-22 13:28:15.339632405,10000,3.66,2026,4,22,13:00,28,13:28
78,28,alsogod,1017,16.65,2026-04-22 13:29:15.373078893,10000,3.66,2026,4,22,13:00,29,13:29
78,28,alsogod,1017,16.65,2026-04-22 13:30:15.391277192,10000,3.66,2026,4,22,13:00,30,13:30
74,30,alsogod,1018,16.65,2026-04-22 13:31:15.510508253,10000,4.8,2026,4,22,13:00,31,13:31
74,30,alsogod,1018,16.65,2026-04-22 13:32:15.368538697,10000,4.8,2026,4,22,13:00,32,13:32
74,30,alsogod,1018,16.65,2026-04-22 13:33:15.425734967,10000,4.8,2026,4,22,13:00,33,13:33
74,30,alsogod,1018,16.65,2026-04-22 13:34:15.390769143,10000,4.8,2026,4,22,13:00,34,13:34
74,30,alsogod,1018,16.65,2026-04-22 13:35:15.418321241,10000,4.8,2026,4,22,13:00,35,13:35
74,30,alsogod,1018,16.65,2026-04-22 13:36:15.483305380,10000,4.8,2026,4,22,13:00,36,13:36
74,30,alsogod,1018,16.65,2026-04-22 13:37:15.435546235,10000,4.8,2026,4,22,13:00,37,13:37
74,30,alsogod,1018,16.65,2026-04-22 13:38:15.462417867,10000,4.8,2026,4,22,13:00,38,13:38
74,30,alsogod,1018,16.65,2026-04-22 13:39:15.467074199,10000,4.8,2026,4,22,13:00,39,13:39
74,30,alsogod,1018,16.65,2026-04-22 13:40:15.459288150,10000,4.8,2026,4,22,13:00,40,13:40
74,30,alsogod,1018,16.65,2026-04-22 13:41:15.445154462,10000,4.8,2026,4,22,13:00,41,13:41
74,29,alsogod,1018,16.65,2026-04-22 13:42:15.489305464,10000,4.8,2026,4,22,13:00,42,13:42
74,29,alsogod,1018,16.65,2026-04-22 13:43:15.518075612,10000,4.8,2026,4,22,13:00,43,13:43
74,29,alsogod,1018,16.65,2026-04-22 13:44:15.499938321,10000,4.8,2026,4,22,13:00,44,13:44
74,29,alsogod,1018,16.65,2026-04-22 13:45:15.607640585,10000,4.8,2026,4,22,13:00,45,13:45
74,29,alsogod,1018,16.65,2026-04-22 13:46:15.546536662,10000,4.8,2026,4,22,13:00,46,13:46
74,29,alsogod,1018,16.65,2026-04-22 13:47:15.529505582,10000,4.8,2026,4,22,13:00,47,13:47
74,29,alsogod,1018,16.65,2026-04-22 13:48:15.523068108,10000,4.8,2026,4,22,13:00,48,13:48
74,29,alsogod,1018,16.65,2026-04-22 13:49:15.577527087,10000,4.8,2026,4,22,13:00,49,13:49
74,29,alsogod,1018,16.65,2026-04-22 13:50:15.605667839,10000,4.8,2026,4,22,13:00,50,13:50
74,29,alsogod,1018,16.65,2026-04-22 13:51:15.566397237,10000,4.8,2026,4,22,13:00,51,13:51
74,29,alsogod,1018,16.65,2026-04-22 13:52:15.737073651,10000,4.8,2026,4,22,13:00,52,13:52
74,29,alsogod,1018,16.65,2026-04-22 13:53:15.564947016,10000,4.8,2026,4,22,13:00,53,13:53
74,29,alsogod,1018,16.65,2026-04-22 13:54:15.630160885,10000,4.8,2026,4,22,13:00,54,13:54
74,29,alsogod,1018,16.65,2026-04-22 13:55:15.590139374,10000,4.8,2026,4,22,13:00,55,13:55
74,30,alsogod,1018,16.11,2026-04-22 13:56:15.634370519,10000,4.8,2026,4,22,13:00,56,13:56
74,30,alsogod,1018,16.11,2026-04-22 13:57:15.729368984,10000,4.8,2026,4,22,13:00,57,13:57
74,30,alsogod,1018,16.11,2026-04-22 13:58:15.650308756,10000,4.8,2026,4,22,13:00,58,13:58
74,30,alsogod,1018,16.11,2026-04-22 13:59:15.733804087,10000,4.8,2026,4,22,13:00,59,13:59
74,30,alsogod,1018,16.11,2026-04-22 14:00:15.765184214,10000,4.8,2026,4,22,14:00,0,14:00
74,30,alsogod,1018,16.11,2026-04-22 14:01:15.679843300,10000,4.8,2026,4,22,14:00,1,14:01
74,30,alsogod,1018,16.11,2026-04-22 14:02:15.685566104,10000,4.8,2026,4,22,14:00,2,14:02
74,30,alsogod,1018,16.11,2026-04-22 14:03:15.732135003,10000,4.8,2026,4,22,14:00,3,14:03
74,30,alsogod,1018,16.11,2026-04-22 14:04:15.695636962,10000,4.8,2026,4,22,14:00,4,14:04
74,30,alsogod,1018,16.11,2026-04-22 14:05:15.765224397,10000,4.8,2026,4,22,14:00,5,14:05
74,30,alsogod,1018,16.11,2026-04-22 14:06:15.679909040,10000,4.8,2026,4,22,14:00,6,14:06
74,30,alsogod,1017,16.11,2026-04-22 14:07:14.975998919,10000,4.8,2026,4,22,14:00,7,14:07
74,30,alsogod,1017,16.11,2026-04-22 14:08:14.776552985,10000,4.8,2026,4,22,14:00,8,14:08
74,30,alsogod,1017,16.11,2026-04-22 14:09:14.820616102,10000,4.8,2026,4,22,14:00,9,14:09
74,30,alsogod,1017,16.11,2026-04-22 14:10:14.748476674,10000,4.8,2026,4,22,14:00,10,14:10
74,30,alsogod,1017,16.11,2026-04-22 14:11:14.737569956,10000,4.8,2026,4,22,14:00,11,14:11
74,30,alsogod,1017,16.11,2026-04-22 14:12:14.714304479,10000,4.8,2026,4,22,14:00,12,14:12
74,30,alsogod,1017,16.11,2026-04-22 14:13:14.737864545,10000,4.8,2026,4,22,14:00,13,14:13
74,30,alsogod,1017,16.11,2026-04-22 14:14:14.787988382,10000,4.8,2026,4,22,14:00,14,14:14
74,30,alsogod,1017,16.11,2026-04-22 14:15:14.769519035,10000,4.8,2026,4,22,14:00,15,14:15
74,30,alsogod,1017,16.11,2026-04-22 14:16:14.781337511,10000,4.8,2026,4,22,14:00,16,14:16
74,30,alsogod,1017,16.11,2026-04-22 14:17:14.803860338,10000,4.8,2026,4,22,14:00,17,14:17
74,31,alsogod,1017,16.11,2026-04-22 14:18:14.797871465,10000,4.8,2026,4,22,14:00,18,14:18
74,31,alsogod,1017,16.11,2026-04-22 14:19:14.798607813,10000,4.8,2026,4,22,14:00,19,14:19
74,31,alsogod,1017,16.11,2026-04-22 14:20:14.898319801,10000,4.8,2026,4,22,14:00,20,14:20
74,31,alsogod,1017,16.11,2026-04-22 14:21:14.822253787,10000,4.8,2026,4,22,14:00,21,14:21
74,31,alsogod,1017,16.11,2026-04-22 14:22:14.839668566,10000,4.8,2026,4,22,14:00,22,14:22
74,31,alsogod,1017,16.11,2026-04-22 14:23:14.834460037,10000,4.8,2026,4,22,14:00,23,14:23
74,31,alsogod,1017,16.11,2026-04-22 14:24:14.887649838,10000,4.8,2026,4,22,14:00,24,14:24
74,31,alsogod,1017,16.11,2026-04-22 14:25:14.868525117,10000,4.8,2026,4,22,14:00,25,14:25
74,31,alsogod,1017,16.11,2026-04-22 14:26:14.876263856,10000,4.8,2026,4,22,14:00,26,14:26
74,31,alsogod,1017,16.11,2026-04-22 14:27:14.905047956,10000,4.8,2026,4,22,14:00,27,14:27
74,31,alsogod,1017,16.11,2026-04-22 14:28:14.875664005,10000,4.8,2026,4,22,14:00,28,14:28
74,32,alsogod,1017,15.58,2026-04-22 14:29:14.981681743,10000,4.8,2026,4,22,14:00,29,14:29
74,32,alsogod,1017,15.58,2026-04-22 14:30:14.893975688,10000,4.8,2026,4,22,14:00,30,14:30
74,32,alsogod,1017,15.58,2026-04-22 14:31:14.911025693,10000,4.8,2026,4,22,14:00,31,14:31
74,32,alsogod,1017,15.58,2026-04-22 14:32:14.926867209,10000,4.8,2026,4,22,14:00,32,14:32
74,32,alsogod,1017,15.58,2026-04-22 14:33:14.920921531,10000,4.8,2026,4,22,14:00,33,14:33
74,32,alsogod,1017,15.58,2026-04-22 14:34:14.979054910,10000,4.8,2026,4,22,14:00,34,14:34
74,32,alsogod,1017,15.58,2026-04-22 14:35:14.988416331,10000,4.8,2026,4,22,14:00,35,14:35
74,32,alsogod,1017,15.58,2026-04-22 14:36:15.037777440,10000,4.8,2026,4,22,14:00,36,14:36
74,32,alsogod,1017,15.58,2026-04-22 14:37:14.952339520,10000,4.8,2026,4,22,14:00,37,14:37
74,32,alsogod,1017,15.58,2026-04-22 14:38:14.977994715,10000,4.8,2026,4,22,14:00,38,14:38
74,32,alsogod,1017,15.58,2026-04-22 14:39:15.030682271,10000,4.8,2026,4,22,14:00,39,14:39
81,32,alsogod,1018,15.04,2026-04-22 14:40:15.051794774,10000,2.37,2026,4,22,14:00,40,14:40
81,32,alsogod,1018,15.04,2026-04-22 14:41:14.943834517,10000,2.37,2026,4,22,14:00,41,14:41
81,32,alsogod,1018,15.04,2026-04-22 14:42:15.042268214,10000,2.37,2026,4,22,14:00,42,14:42
81,32,alsogod,1018,15.04,2026-04-22 14:43:15.018090161,10000,2.37,2026,4,22,14:00,43,14:43
81,32,alsogod,1018,15.04,2026-04-22 14:44:15.024676564,10000,2.37,2026,4,22,14:00,44,14:44
81,32,alsogod,1018,15.04,2026-04-22 14:45:15.046887667,10000,2.37,2026,4,22,14:00,45,14:45
81,32,alsogod,1018,15.04,2026-04-22 14:46:15.065079219,10000,2.37,2026,4,22,14:00,46,14:46
81,32,alsogod,1018,15.04,2026-04-22 14:47:15.100689476,10000,2.37,2026,4,22,14:00,47,14:47
81,32,alsogod,1018,15.04,2026-04-22 14:48:15.113804509,10000,2.37,2026,4,22,14:00,48,14:48
81,32,alsogod,1018,15.02,2026-04-22 14:49:15.146590799,10000,2.37,2026,4,22,14:00,49,14:49
81,32,alsogod,1018,15.02,2026-04-22 14:50:15.082176923,10000,2.37,2026,4,22,14:00,50,14:50
81,32,alsogod,1018,15.02,2026-04-22 14:51:15.095206042,10000,2.37,2026,4,22,14:00,51,14:51
81,32,alsogod,1018,15.02,2026-04-22 14:52:15.112016568,10000,2.37,2026,4,22,14:00,52,14:52
81,32,alsogod,1018,15.02,2026-04-22 14:53:15.135660946,10000,2.37,2026,4,22,14:00,53,14:53
81,32,alsogod,1018,15.02,2026-04-22 14:54:15.108517152,10000,2.37,2026,4,22,14:00,54,14:54
81,32,alsogod,1018,15.02,2026-04-22 14:55:15.092595171,10000,2.37,2026,4,22,14:00,55,14:55
81,32,alsogod,1018,15.02,2026-04-22 14:56:15.176352212,10000,2.37,2026,4,22,14:00,56,14:56
81,32,alsogod,1018,15.02,2026-04-22 14:57:15.163803010,10000,2.37,2026,4,22,14:00,57,14:57
81,32,alsogod,1018,15.02,2026-04-22 14:58:15.122222894,10000,2.37,2026,4,22,14:00,58,14:58
81,32,alsogod,1018,15.02,2026-04-22 14:59:15.251717068,10000,2.37,2026,4,22,14:00,59,14:59
81,34,alsogod,1018,14.48,2026-04-22 15:00:15.239592022,10000,2.37,2026,4,22,15:00,0,15:00
81,34,alsogod,1018,14.48,2026-04-22 15:01:15.226294597,10000,2.37,2026,4,22,15:00,1,15:01
81,34,alsogod,1018,14.48,2026-04-22 15:02:15.182083240,10000,2.37,2026,4,22,15:00,2,15:02
81,34,alsogod,1018,14.48,2026-04-22 15:03:15.215492434,10000,2.37,2026,4,22,15:00,3,15:03
81,34,alsogod,1018,14.48,2026-04-22 15:04:15.222022988,10000,2.37,2026,4,22,15:00,4,15:04
81,34,alsogod,1018,14.48,2026-04-22 15:05:15.229343193,10000,2.37,2026,4,22,15:00,5,15:05
81,34,alsogod,1018,14.48,2026-04-22 15:06:15.238654312,10000,2.37,2026,4,22,15:00,6,15:06
81,34,alsogod,1018,14.48,2026-04-22 15:07:15.218873739,10000,2.37,2026,4,22,15:00,7,15:07
81,34,alsogod,1018,14.48,2026-04-22 15:08:15.252138839,10000,2.37,2026,4,22,15:00,8,15:08
81,34,alsogod,1018,14.48,2026-04-22 15:09:15.278141038,10000,2.37,2026,4,22,15:00,9,15:09
81,34,alsogod,1018,14.48,2026-04-22 15:10:15.247640343,10000,2.37,2026,4,22,15:00,10,15:10
81,33,alsogod,1017,14.48,2026-04-22 15:11:15.267684404,10000,2.37,2026,4,22,15:00,11,15:11
81,33,alsogod,1017,14.48,2026-04-22 15:12:15.289059779,10000,2.37,2026,4,22,15:00,12,15:12
81,33,alsogod,1017,14.48,2026-04-22 15:13:15.324331234,10000,2.37,2026,4,22,15:00,13,15:13
81,33,alsogod,1017,14.48,2026-04-22 15:14:15.325186347,10000,2.37,2026,4,22,15:00,14,15:14
81,33,alsogod,1017,14.48,2026-04-22 15:15:15.292641268,10000,2.37,2026,4,22,15:00,15,15:15
81,33,alsogod,1017,14.48,2026-04-22 15:16:15.349506614,10000,2.37,2026,4,22,15:00,16,15:16
81,33,alsogod,1017,14.46,2026-04-22 15:17:15.398149027,10000,2.37,2026,4,22,15:00,17,15:17
81,33,alsogod,1017,14.46,2026-04-22 15:18:15.351962280,10000,2.37,2026,4,22,15:00,18,15:18
81,33,alsogod,1017,14.46,2026-04-22 15:19:15.339208148,10000,2.37,2026,4,22,15:00,19,15:19
81,33,alsogod,1017,14.46,2026-04-22 15:20:15.298862883,10000,2.37,2026,4,22,15:00,20,15:20
81,34,alsogod,1017,14.46,2026-04-22 15:21:15.433120356,10000,2.37,2026,4,22,15:00,21,15:21
81,34,alsogod,1017,14.46,2026-04-22 15:22:15.386191301,10000,2.37,2026,4,22,15:00,22,15:22
81,34,alsogod,1017,14.46,2026-04-22 15:23:15.368635179,10000,2.37,2026,4,22,15:00,23,15:23
81,34,alsogod,1017,14.46,2026-04-22 15:24:15.356837281,10000,2.37,2026,4,22,15:00,24,15:24
81,34,alsogod,1017,14.46,2026-04-22 15:25:15.396342383,10000,2.37,2026,4,22,15:00,25,15:25
81,35,alsogod,1017,14.46,2026-04-22 15:26:15.419212236,10000,2.37,2026,4,22,15:00,26,15:26
81,35,alsogod,1017,14.46,2026-04-22 15:27:15.427821628,10000,2.37,2026,4,22,15:00,27,15:27
81,35,alsogod,1017,14.46,2026-04-22 15:28:15.380033305,10000,2.37,2026,4,22,15:00,28,15:28
81,35,alsogod,1017,14.46,2026-04-22 15:29:15.360212726,10000,2.37,2026,4,22,15:00,29,15:29
81,35,alsogod,1017,14.46,2026-04-22 15:30:15.399942449,10000,2.37,2026,4,22,15:00,30,15:30
81,35,alsogod,1017,14.46,2026-04-22 15:31:15.415760051,10000,2.37,2026,4,22,15:00,31,15:31
81,35,alsogod,1017,14.46,2026-04-22 15:32:15.413403858,10000,2.37,2026,4,22,15:00,32,15:32
81,35,alsogod,1017,14.46,2026-04-22 15:33:15.418023761,10000,2.37,2026,4,22,15:00,33,15:33
81,35,alsogod,1017,14.46,2026-04-22 15:34:15.417784423,10000,2.37,2026,4,22,15:00,34,15:34
81,35,alsogod,1017,14.46,2026-04-22 15:35:15.502139186,10000,2.37,2026,4,22,15:00,35,15:35
82,35,alsogod,1018,13.91,2026-04-22 15:36:15.542288684,10000,1.81,2026,4,22,15:00,36,15:36
82,35,alsogod,1018,13.91,2026-04-22 15:37:15.470330246,10000,1.81,2026,4,22,15:00,37,15:37
82,35,alsogod,1018,13.91,2026-04-22 15:38:15.538066808,10000,1.81,2026,4,22,15:00,38,15:38
82,35,alsogod,1018,13.91,2026-04-22 15:39:15.491700656,10000,1.81,2026,4,22,15:00,39,15:39
82,35,alsogod,1018,13.91,2026-04-22 15:40:15.578014131,10000,1.81,2026,4,22,15:00,40,15:40
82,35,alsogod,1018,13.91,2026-04-22 15:41:15.524169176,10000,1.81,2026,4,22,15:00,41,15:41
82,35,alsogod,1018,13.91,2026-04-22 15:42:15.492517414,10000,1.81,2026,4,22,15:00,42,15:42
82,35,alsogod,1018,13.91,2026-04-22 15:43:15.487582504,10000,1.81,2026,4,22,15:00,43,15:43
82,35,alsogod,1018,13.91,2026-04-22 15:44:15.566493138,10000,1.81,2026,4,22,15:00,44,15:44
82,35,alsogod,1018,13.91,2026-04-22 15:45:15.554205259,10000,1.81,2026,4,22,15:00,45,15:45
82,35,alsogod,1018,13.91,2026-04-22 15:46:15.637476222,10000,1.81,2026,4,22,15:00,46,15:46
82,35,alsogod,1018,13.91,2026-04-22 15:47:15.582020251,10000,1.81,2026,4,22,15:00,47,15:47
82,35,alsogod,1018,13.91,2026-04-22 15:48:15.587412328,10000,1.81,2026,4,22,15:00,48,15:48
82,35,alsogod,1018,13.91,2026-04-22 15:49:15.638749761,10000,1.81,2026,4,22,15:00,49,15:49
82,35,alsogod,1018,13.91,2026-04-22 15:50:15.655717675,10000,1.81,2026,4,22,15:00,50,15:50
82,36,alsogod,1019,13.91,2026-04-22 15:51:15.632302588,10000,1.81,2026,4,22,15:00,51,15:51
82,36,alsogod,1019,13.91,2026-04-22 15:52:15.838557252,10000,1.81,2026,4,22,15:00,52,15:52
82,36,alsogod,1019,13.91,2026-04-22 15:53:15.656374947,10000,1.81,2026,4,22,15:00,53,15:53
82,36,alsogod,1019,13.91,2026-04-22 15:54:15.627784059,10000,1.81,2026,4,22,15:00,54,15:54
82,36,alsogod,1019,13.91,2026-04-22 15:55:15.721284347,10000,1.81,2026,4,22,15:00,55,15:55
82,36,alsogod,1019,13.91,2026-04-22 15:56:15.691489876,10000,1.81,2026,4,22,15:00,56,15:56
82,36,alsogod,1019,13.91,2026-04-22 15:57:15.707206207,10000,1.81,2026,4,22,15:00,57,15:57
82,36,alsogod,1019,13.91,2026-04-22 15:58:15.741700816,10000,1.81,2026,4,22,15:00,58,15:58
82,36,alsogod,1019,13.91,2026-04-22 15:59:15.704726976,10000,1.81,2026,4,22,15:00,59,15:59
82,36,alsogod,1019,13.91,2026-04-22 16:00:15.759164464,10000,1.81,2026,4,22,16:00,0,16:00
82,36,alsogod,1019,13.91,2026-04-22 16:01:15.771363281,10000,1.81,2026,4,22,16:00,1,16:01
82,36,alsogod,1019,13.91,2026-04-22 16:02:14.739314332,10000,1.81,2026,4,22,16:00,2,16:02
82,36,alsogod,1019,13.34,2026-04-22 16:03:14.776741946,10000,1.81,2026,4,22,16:00,3,16:03
82,36,alsogod,1019,13.34,2026-04-22 16:04:14.778381165,10000,1.81,2026,4,22,16:00,4,16:04
82,36,alsogod,1019,13.34,2026-04-22 16:05:14.867566336,10000,1.81,2026,4,22,16:00,5,16:05
82,36,alsogod,1019,13.34,2026-04-22 16:06:14.834653635,10000,1.81,2026,4,22,16:00,6,16:06
82,36,alsogod,1019,13.34,2026-04-22 16:07:14.845823884,10000,1.81,2026,4,22,16:00,7,16:07
82,37,alsogod,1018,13.34,2026-04-22 16:08:14.892855875,10000,1.81,2026,4,22,16:00,8,16:08
82,37,alsogod,1018,13.34,2026-04-22 16:09:14.864091174,10000,1.81,2026,4,22,16:00,9,16:09
82,37,alsogod,1018,13.34,2026-04-22 16:10:14.874759349,10000,1.81,2026,4,22,16:00,10,16:10
82,37,alsogod,1018,13.34,2026-04-22 16:11:14.805371856,10000,1.81,2026,4,22,16:00,11,16:11
82,37,alsogod,1018,13.34,2026-04-22 16:12:14.884344198,10000,1.81,2026,4,22,16:00,12,16:12
82,37,alsogod,1018,13.34,2026-04-22 16:13:14.879295395,10000,1.81,2026,4,22,16:00,13,16:13
82,37,alsogod,1018,13.34,2026-04-22 16:14:14.841235193,10000,1.81,2026,4,22,16:00,14,16:14
82,37,alsogod,1018,13.34,2026-04-22 16:15:14.908725846,10000,1.81,2026,4,22,16:00,15,16:15
82,37,alsogod,1018,13.34,2026-04-22 16:16:14.872111234,10000,1.81,2026,4,22,16:00,16,16:16
82,37,alsogod,1018,13.34,2026-04-22 16:17:14.888792916,10000,1.81,2026,4,22,16:00,17,16:17
82,37,alsogod,1018,13.34,2026-04-22 16:18:14.919170005,10000,1.81,2026,4,22,16:00,18,16:18
82,37,alsogod,1018,13.34,2026-04-22 16:19:14.904455154,10000,1.81,2026,4,22,16:00,19,16:19
82,37,alsogod,1018,13.34,2026-04-22 16:20:15.003810993,10000,1.81,2026,4,22,16:00,20,16:20
82,37,alsogod,1018,13.34,2026-04-22 16:21:14.951476476,10000,1.81,2026,4,22,16:00,21,16:21
82,37,alsogod,1018,13.34,2026-04-22 16:22:14.976295977,10000,1.81,2026,4,22,16:00,22,16:22
82,37,alsogod,1018,13.34,2026-04-22 16:23:14.950500968,10000,1.81,2026,4,22,16:00,23,16:23
82,37,alsogod,1018,13.34,2026-04-22 16:24:14.985672933,10000,1.81,2026,4,22,16:00,24,16:24
82,37,alsogod,1018,13.34,2026-04-22 16:25:14.985823496,10000,1.81,2026,4,22,16:00,25,16:25
82,37,alsogod,1018,13.34,2026-04-22 16:26:14.965062835,10000,1.81,2026,4,22,16:00,26,16:26
82,37,alsogod,1018,13.34,2026-04-22 16:27:14.968759546,10000,1.81,2026,4,22,16:00,27,16:27
82,37,alsogod,1018,13.34,2026-04-22 16:28:15.026374098,10000,1.81,2026,4,22,16:00,28,16:28
82,37,alsogod,1018,13.34,2026-04-22 16:29:14.984606811,10000,1.81,2026,4,22,16:00,29,16:29
75,37,alsogod,1019,13.38,2026-04-22 16:30:15.028510872,10000,2.06,2026,4,22,16:00,30,16:30
75,37,alsogod,1019,13.38,2026-04-22 16:31:14.990186635,10000,2.06,2026,4,22,16:00,31,16:31
75,37,alsogod,1019,13.38,2026-04-22 16:32:15.122092177,10000,2.06,2026,4,22,16:00,32,16:32
75,37,alsogod,1019,13.38,2026-04-22 16:33:15.014306301,10000,2.06,2026,4,22,16:00,33,16:33
75,37,alsogod,1019,13.38,2026-04-22 16:34:15.048114778,10000,2.06,2026,4,22,16:00,34,16:34
75,37,alsogod,1019,13.38,2026-04-22 16:35:15.054223751,10000,2.06,2026,4,22,16:00,35,16:35
75,37,alsogod,1019,13.38,2026-04-22 16:36:15.211439136,10000,2.06,2026,4,22,16:00,36,16:36
75,37,alsogod,1019,13.38,2026-04-22 16:37:15.094896978,10000,2.06,2026,4,22,16:00,37,16:37
75,37,alsogod,1019,13.38,2026-04-22 16:38:15.084345494,10000,2.06,2026,4,22,16:00,38,16:38
75,37,alsogod,1019,13.38,2026-04-22 16:39:15.083408878,10000,2.06,2026,4,22,16:00,39,16:39
75,37,alsogod,1019,13.38,2026-04-22 16:40:15.083357733,10000,2.06,2026,4,22,16:00,40,16:40
75,37,alsogod,1019,13.38,2026-04-22 16:41:15.091652562,10000,2.06,2026,4,22,16:00,41,16:41
75,37,alsogod,1019,13.38,2026-04-22 16:42:15.165656903,10000,2.06,2026,4,22,16:00,42,16:42
43,37,alsogod,1019,12.79,2026-04-22 16:43:15.192742311,10000,1.49,2026,4,22,16:00,43,16:43
43,37,alsogod,1019,12.79,2026-04-22 16:44:15.116366491,10000,1.49,2026,4,22,16:00,44,16:44
43,37,alsogod,1019,12.79,2026-04-22 16:45:15.194478130,10000,1.49,2026,4,22,16:00,45,16:45
43,37,alsogod,1019,12.79,2026-04-22 16:46:15.162032874,10000,1.49,2026,4,22,16:00,46,16:46
43,37,alsogod,1019,12.79,2026-04-22 16:47:15.179384928,10000,1.49,2026,4,22,16:00,47,16:47
43,37,alsogod,1019,12.79,2026-04-22 16:48:15.157688098,10000,1.49,2026,4,22,16:00,48,16:48
43,37,alsogod,1019,12.79,2026-04-22 16:49:15.155862547,10000,1.49,2026,4,22,16:00,49,16:49
43,37,alsogod,1019,12.79,2026-04-22 16:50:15.238736376,10000,1.49,2026,4,22,16:00,50,16:50
43,37,alsogod,1019,12.79,2026-04-22 16:51:15.227343944,10000,1.49,2026,4,22,16:00,51,16:51
43,37,alsogod,1019,12.79,2026-04-22 16:52:15.266945869,10000,1.49,2026,4,22,16:00,52,16:52
43,37,alsogod,1019,12.79,2026-04-22 16:53:15.233693468,10000,1.49,2026,4,22,16:00,53,16:53
43,38,alsogod,1019,12.79,2026-04-22 16:54:15.302581449,10000,1.49,2026,4,22,16:00,54,16:54
43,38,alsogod,1019,12.79,2026-04-22 16:55:15.281588610,10000,1.49,2026,4,22,16:00,55,16:55
43,38,alsogod,1019,12.79,2026-04-22 16:56:15.256353860,10000,1.49,2026,4,22,16:00,56,16:56
43,38,alsogod,1019,12.79,2026-04-22 16:57:15.318171088,10000,1.49,2026,4,22,16:00,57,16:57
43,38,alsogod,1019,12.79,2026-04-22 16:58:15.217999679,10000,1.49,2026,4,22,16:00,58,16:58
43,38,alsogod,1019,12.79,2026-04-22 16:59:15.255123410,10000,1.49,2026,4,22,16:00,59,16:59
43,38,alsogod,1019,12.79,2026-04-22 17:00:15.206936537,10000,1.49,2026,4,22,17:00,0,17:00
43,38,alsogod,1019,12.79,2026-04-22 17:01:15.225544500,10000,1.49,2026,4,22,17:00,1,17:01
43,38,alsogod,1019,12.79,2026-04-22 17:02:15.343973224,10000,1.49,2026,4,22,17:00,2,17:02
43,38,alsogod,1019,12.79,2026-04-22 17:03:15.283762407,10000,1.49,2026,4,22,17:00,3,17:03
43,38,alsogod,1019,12.79,2026-04-22 17:04:15.265093017,10000,1.49,2026,4,22,17:00,4,17:04
43,38,alsogod,1019,12.79,2026-04-22 17:05:15.304125026,10000,1.49,2026,4,22,17:00,5,17:05
43,38,alsogod,1019,12.79,2026-04-22 17:06:15.353755786,10000,1.49,2026,4,22,17:00,6,17:06
43,38,alsogod,1019,12.79,2026-04-22 17:07:15.273273310,10000,1.49,2026,4,22,17:00,7,17:07
43,39,alsogod,1019,12.71,2026-04-22 17:08:15.405626405,10000,1.49,2026,4,22,17:00,8,17:08
43,39,alsogod,1019,12.71,2026-04-22 17:09:15.331771118,10000,1.49,2026,4,22,17:00,9,17:09
43,39,alsogod,1019,12.71,2026-04-22 17:10:15.318879698,10000,1.49,2026,4,22,17:00,10,17:10
43,39,alsogod,1019,12.71,2026-04-22 17:11:15.364925039,10000,1.49,2026,4,22,17:00,11,17:11
43,39,alsogod,1019,12.71,2026-04-22 17:12:15.352610355,10000,1.49,2026,4,22,17:00,12,17:12
43,39,alsogod,1019,12.71,2026-04-22 17:13:15.408646407,10000,1.49,2026,4,22,17:00,13,17:13
43,39,alsogod,1019,12.71,2026-04-22 17:14:15.340727991,10000,1.49,2026,4,22,17:00,14,17:14
43,39,alsogod,1019,12.71,2026-04-22 17:15:15.354067492,10000,1.49,2026,4,22,17:00,15,17:15
43,39,alsogod,1019,12.71,2026-04-22 17:16:15.439459418,10000,1.49,2026,4,22,17:00,16,17:16
43,39,alsogod,1019,12.71,2026-04-22 17:17:15.401132124,10000,1.49,2026,4,22,17:00,17,17:17
43,39,alsogod,1019,12.71,2026-04-22 17:18:15.386197116,10000,1.49,2026,4,22,17:00,18,17:18
43,39,alsogod,1018,12.27,2026-04-22 17:19:15.403314032,10000,1.49,2026,4,22,17:00,19,17:19
43,39,alsogod,1018,12.27,2026-04-22 17:20:15.498474347,10000,1.49,2026,4,22,17:00,20,17:20
43,39,alsogod,1018,12.27,2026-04-22 17:21:15.404236533,10000,1.49,2026,4,22,17:00,21,17:21
43,39,alsogod,1018,12.27,2026-04-22 17:22:15.498955541,10000,1.49,2026,4,22,17:00,22,17:22
43,39,alsogod,1018,12.27,2026-04-22 17:23:15.492061600,10000,1.49,2026,4,22,17:00,23,17:23
43,39,alsogod,1018,12.27,2026-04-22 17:24:15.446090433,10000,1.49,2026,4,22,17:00,24,17:24
43,39,alsogod,1018,12.27,2026-04-22 17:25:15.416563183,10000,1.49,2026,4,22,17:00,25,17:25
43,39,alsogod,1018,12.27,2026-04-22 17:26:15.486107720,10000,1.49,2026,4,22,17:00,26,17:26
43,39,alsogod,1018,12.27,2026-04-22 17:27:15.473852694,10000,1.49,2026,4,22,17:00,27,17:27
43,39,alsogod,1018,12.27,2026-04-22 17:28:15.479656439,10000,1.49,2026,4,22,17:00,28,17:28
43,39,alsogod,1018,12.27,2026-04-22 17:29:15.459189441,10000,1.49,2026,4,22,17:00,29,17:29
43,39,alsogod,1018,12.27,2026-04-22 17:30:15.497182615,10000,1.49,2026,4,22,17:00,30,17:30
43,39,alsogod,1018,12.27,2026-04-22 17:31:15.442213512,10000,1.49,2026,4,22,17:00,31,17:31
43,39,alsogod,1018,12.27,2026-04-22 17:32:15.518726886,10000,1.49,2026,4,22,17:00,32,17:32
43,39,alsogod,1018,12.27,2026-04-22 17:33:15.507286457,10000,1.49,2026,4,22,17:00,33,17:33
29,39,alsogod,1019,12.23,2026-04-22 17:34:15.490519834,10000,0.37,2026,4,22,17:00,34,17:34
29,39,alsogod,1019,12.23,2026-04-22 17:35:15.596627932,10000,0.37,2026,4,22,17:00,35,17:35
29,39,alsogod,1019,12.23,2026-04-22 17:36:15.542118454,10000,0.37,2026,4,22,17:00,36,17:36
29,39,alsogod,1019,12.23,2026-04-22 17:37:15.569099514,10000,0.37,2026,4,22,17:00,37,17:37
29,39,alsogod,1019,12.23,2026-04-22 17:38:15.654756819,10000,0.37,2026,4,22,17:00,38,17:38
29,39,alsogod,1019,12.23,2026-04-22 17:39:15.673590887,10000,0.37,2026,4,22,17:00,39,17:39
29,39,alsogod,1019,12.23,2026-04-22 17:40:15.751611731,10000,0.37,2026,4,22,17:00,40,17:40
29,39,alsogod,1019,12.23,2026-04-22 17:41:15.674995549,10000,0.37,2026,4,22,17:00,41,17:41
29,39,alsogod,1019,12.23,2026-04-22 17:42:15.649248215,10000,0.37,2026,4,22,17:00,42,17:42
29,39,alsogod,1019,12.23,2026-04-22 17:43:15.749169579,10000,0.37,2026,4,22,17:00,43,17:43
29,39,alsogod,1019,12.23,2026-04-22 17:44:15.634354551,10000,0.37,2026,4,22,17:00,44,17:44
29,39,alsogod,1019,12.1,2026-04-22 17:45:15.574565848,10000,0.37,2026,4,22,17:00,45,17:45
29,39,alsogod,1019,12.1,2026-04-22 17:46:15.734929475,10000,0.37,2026,4,22,17:00,46,17:46
29,39,alsogod,1019,12.1,2026-04-22 17:47:15.671129194,10000,0.37,2026,4,22,17:00,47,17:47
29,39,alsogod,1019,12.1,2026-04-22 17:48:16.109479830,10000,0.37,2026,4,22,17:00,48,17:48
29,39,alsogod,1019,12.1,2026-04-22 17:49:15.666402672,10000,0.37,2026,4,22,17:00,49,17:49
29,39,alsogod,1019,12.1,2026-04-22 17:50:15.754652491,10000,0.37,2026,4,22,17:00,50,17:50
29,39,alsogod,1019,12.1,2026-04-22 17:51:15.675723186,10000,0.37,2026,4,22,17:00,51,17:51
29,39,alsogod,1019,12.1,2026-04-22 17:52:15.738845091,10000,0.37,2026,4,22,17:00,52,17:52
29,39,alsogod,1019,12.1,2026-04-22 17:53:15.832342390,10000,0.37,2026,4,22,17:00,53,17:53
29,39,alsogod,1019,12.1,2026-04-22 17:54:15.812712803,10000,0.37,2026,4,22,17:00,54,17:54
29,39,alsogod,1019,12.1,2026-04-22 17:55:15.911943005,10000,0.37,2026,4,22,17:00,55,17:55
29,39,alsogod,1019,12.1,2026-04-22 17:56:15.786866487,10000,0.37,2026,4,22,17:00,56,17:56
29,39,alsogod,1019,12.1,2026-04-22 17:57:15.950186690,10000,0.37,2026,4,22,17:00,57,17:57
29,39,alsogod,1019,12.1,2026-04-22 17:58:15.745211543,10000,0.37,2026,4,22,17:00,58,17:58
29,39,alsogod,1019,12.1,2026-04-22 17:59:15.772397190,10000,0.37,2026,4,22,17:00,59,17:59
29,39,alsogod,1019,12.1,2026-04-22 18:00:15.774817065,10000,0.37,2026,4,22,18:00,0,18:00
29,39,alsogod,1019,12.1,2026-04-22 18:01:15.786148949,10000,0.37,2026,4,22,18:00,1,18:01
29,39,alsogod,1019,12.1,2026-04-22 18:02:15.911065581,10000,0.37,2026,4,22,18:00,2,18:02
29,39,alsogod,1019,11.98,2026-04-22 18:03:15.873622317,10000,0.37,2026,4,22,18:00,3,18:03
29,39,alsogod,1019,11.98,2026-04-22 18:04:15.905989562,10000,0.37,2026,4,22,18:00,4,18:04
29,39,alsogod,1019,11.98,2026-04-22 18:05:15.802800044,10000,0.37,2026,4,22,18:00,5,18:05
29,39,alsogod,1019,11.98,2026-04-22 18:06:15.926998269,10000,0.37,2026,4,22,18:00,6,18:06
29,39,alsogod,1019,11.98,2026-04-22 18:07:16.983005065,10000,0.37,2026,4,22,18:00,7,18:07
29,39,alsogod,1019,11.98,2026-04-22 18:08:15.938097207,10000,0.37,2026,4,22,18:00,8,18:08
29,39,alsogod,1019,11.98,2026-04-22 18:09:15.366638072,10000,0.37,2026,4,22,18:00,9,18:09
29,39,alsogod,1019,11.98,2026-04-22 18:10:15.090314458,10000,0.37,2026,4,22,18:00,10,18:10
29,39,alsogod,1019,11.98,2026-04-22 18:11:15.191281427,10000,0.37,2026,4,22,18:00,11,18:11
29,39,alsogod,1019,11.98,2026-04-22 18:12:15.089565802,10000,0.37,2026,4,22,18:00,12,18:12
29,39,alsogod,1018,11.98,2026-04-22 18:13:15.102175960,10000,0.37,2026,4,22,18:00,13,18:13
29,39,alsogod,1018,11.98,2026-04-22 18:14:14.863819474,10000,0.37,2026,4,22,18:00,14,18:14
29,39,alsogod,1018,11.98,2026-04-22 18:15:15.045779335,10000,0.37,2026,4,22,18:00,15,18:15
29,39,alsogod,1018,11.98,2026-04-22 18:16:15.494242175,10000,0.37,2026,4,22,18:00,16,18:16
29,39,alsogod,1018,11.98,2026-04-22 18:17:14.940756436,10000,0.37,2026,4,22,18:00,17,18:17
29,39,alsogod,1018,11.98,2026-04-22 18:18:14.937862704,10000,0.37,2026,4,22,18:00,18,18:18
29,39,alsogod,1018,11.98,2026-04-22 18:19:15.068300762,10000,0.37,2026,4,22,18:00,19,18:19
29,39,alsogod,1018,11.98,2026-04-22 18:20:15.526452187,10000,0.37,2026,4,22,18:00,20,18:20
29,39,alsogod,1018,11.98,2026-04-22 18:21:15.001307629,10000,0.37,2026,4,22,18:00,21,18:21
29,40,alsogod,1018,11.59,2026-04-22 18:22:15.043395703,10000,0.37,2026,4,22,18:00,22,18:22
29,40,alsogod,1018,11.59,2026-04-22 18:23:15.145199308,10000,0.37,2026,4,22,18:00,23,18:23
29,40,alsogod,1018,11.59,2026-04-22 18:24:14.963337825,10000,0.37,2026,4,22,18:00,24,18:24
29,40,alsogod,1018,11.59,2026-04-22 18:25:15.070987885,10000,0.37,2026,4,22,18:00,25,18:25
29,40,alsogod,1018,11.59,2026-04-22 18:26:14.928230424,10000,0.37,2026,4,22,18:00,26,18:26
29,40,alsogod,1018,11.59,2026-04-22 18:27:15.117671237,10000,0.37,2026,4,22,18:00,27,18:27
29,40,alsogod,1018,11.59,2026-04-22 18:28:15.001718386,10000,0.37,2026,4,22,18:00,28,18:28
29,40,alsogod,1018,11.59,2026-04-22 18:29:15.040470352,10000,0.37,2026,4,22,18:00,29,18:29
29,40,alsogod,1018,11.59,2026-04-22 18:30:15.064576616,10000,0.37,2026,4,22,18:00,30,18:30
29,40,alsogod,1018,11.59,2026-04-22 18:31:15.305011497,10000,0.37,2026,4,22,18:00,31,18:31
29,40,alsogod,1018,11.59,2026-04-22 18:32:15.034979339,10000,0.37,2026,4,22,18:00,32,18:32
24,41,alsogod,1020,11.55,2026-04-22 18:33:14.968998368,10000,1.35,2026,4,22,18:00,33,18:33
24,41,alsogod,1020,11.55,2026-04-22 18:34:15.033862793,10000,1.35,2026,4,22,18:00,34,18:34
24,41,alsogod,1020,11.55,2026-04-22 18:35:15.004864345,10000,1.35,2026,4,22,18:00,35,18:35
24,41,alsogod,1020,11.55,2026-04-22 18:36:15.036696514,10000,1.35,2026,4,22,18:00,36,18:36
24,41,alsogod,1020,11.55,2026-04-22 18:37:15.213361504,10000,1.35,2026,4,22,18:00,37,18:37
24,41,alsogod,1020,11.55,2026-04-22 18:38:15.114735313,10000,1.35,2026,4,22,18:00,38,18:38
24,41,alsogod,1020,11.55,2026-04-22 18:39:15.221989516,10000,1.35,2026,4,22,18:00,39,18:39
24,41,alsogod,1020,11.55,2026-04-22 18:40:15.082205842,10000,1.35,2026,4,22,18:00,40,18:40
24,41,alsogod,1020,11.55,2026-04-22 18:41:15.102107517,10000,1.35,2026,4,22,18:00,41,18:41
24,41,alsogod,1020,11.55,2026-04-22 18:42:15.089564943,10000,1.35,2026,4,22,18:00,42,18:42
24,41,alsogod,1020,11.55,2026-04-22 18:43:15.176367554,10000,1.35,2026,4,22,18:00,43,18:43
24,40,alsogod,1020,11.55,2026-04-22 18:44:15.285357017,10000,1.35,2026,4,22,18:00,44,18:44
24,40,alsogod,1020,11.55,2026-04-22 18:45:15.171898751,10000,1.35,2026,4,22,18:00,45,18:45
24,40,alsogod,1020,11.55,2026-04-22 18:46:15.288863945,10000,1.35,2026,4,22,18:00,46,18:46
24,41,alsogod,1020,11.55,2026-04-22 18:47:15.341526844,10000,1.35,2026,4,22,18:00,47,18:47
24,41,alsogod,1020,11.55,2026-04-22 18:48:15.221428975,10000,1.35,2026,4,22,18:00,48,18:48
24,41,alsogod,1020,11.55,2026-04-22 18:49:15.262631773,10000,1.35,2026,4,22,18:00,49,18:49
24,41,alsogod,1020,11.55,2026-04-22 18:50:15.225040915,10000,1.35,2026,4,22,18:00,50,18:50
24,41,alsogod,1020,11.55,2026-04-22 18:51:15.190824074,10000,1.35,2026,4,22,18:00,51,18:51
24,41,alsogod,1020,11.55,2026-04-22 18:52:15.210384621,10000,1.35,2026,4,22,18:00,52,18:52
24,41,alsogod,1020,11.55,2026-04-22 18:53:15.229780839,10000,1.35,2026,4,22,18:00,53,18:53
24,41,alsogod,1020,11.55,2026-04-22 18:54:15.235717475,10000,1.35,2026,4,22,18:00,54,18:54
24,41,alsogod,1020,11.55,2026-04-22 18:55:15.618541545,10000,1.35,2026,4,22,18:00,55,18:55
24,41,alsogod,1020,11.55,2026-04-22 18:56:15.324850564,10000,1.35,2026,4,22,18:00,56,18:56
24,41,alsogod,1020,11.55,2026-04-22 18:57:15.193189412,10000,1.35,2026,4,22,18:00,57,18:57
24,41,alsogod,1020,11.51,2026-04-22 18:58:15.146799836,10000,1.35,2026,4,22,18:00,58,18:58
24,41,alsogod,1020,11.51,2026-04-22 18:59:15.190165547,10000,1.35,2026,4,22,18:00,59,18:59
24,41,alsogod,1020,11.51,2026-04-22 19:00:15.347706739,10000,1.35,2026,4,22,19:00,0,19:00
24,41,alsogod,1020,11.51,2026-04-22 19:01:15.781923781,10000,1.35,2026,4,22,19:00,1,19:01
24,41,alsogod,1020,11.51,2026-04-22 19:02:15.330687365,10000,1.35,2026,4,22,19:00,2,19:02
24,41,alsogod,1020,11.51,2026-04-22 19:03:15.306112738,10000,1.35,2026,4,22,19:00,3,19:03
24,41,alsogod,1020,11.51,2026-04-22 19:04:15.263923702,10000,1.35,2026,4,22,19:00,4,19:04
24,41,alsogod,1020,11.51,2026-04-22 19:05:15.412410193,10000,1.35,2026,4,22,19:00,5,19:05
24,41,alsogod,1020,11.51,2026-04-22 19:06:15.384250159,10000,1.35,2026,4,22,19:00,6,19:06
24,41,alsogod,1020,11.51,2026-04-22 19:07:15.357003372,10000,1.35,2026,4,22,19:00,7,19:07
24,41,alsogod,1020,11.51,2026-04-22 19:08:15.278612945,10000,1.35,2026,4,22,19:00,8,19:08
24,41,alsogod,1019,11.51,2026-04-22 19:09:15.316130549,10000,1.35,2026,4,22,19:00,9,19:09
24,41,alsogod,1019,11.51,2026-04-22 19:10:15.344796496,10000,1.35,2026,4,22,19:00,10,19:10
24,41,alsogod,1019,11.51,2026-04-22 19:11:15.313610291,10000,1.35,2026,4,22,19:00,11,19:11
24,41,alsogod,1019,11.51,2026-04-22 19:12:15.416499129,10000,1.35,2026,4,22,19:00,12,19:12
24,41,alsogod,1019,11.51,2026-04-22 19:13:15.332586542,10000,1.35,2026,4,22,19:00,13,19:13
24,41,alsogod,1019,11.51,2026-04-22 19:14:15.332326418,10000,1.35,2026,4,22,19:00,14,19:14
24,41,alsogod,1019,11.51,2026-04-22 19:15:15.369653423,10000,1.35,2026,4,22,19:00,15,19:15
24,41,alsogod,1019,11.51,2026-04-22 19:16:15.406937339,10000,1.35,2026,4,22,19:00,16,19:16
24,41,alsogod,1019,11.51,2026-04-22 19:17:15.587295658,10000,1.35,2026,4,22,19:00,17,19:17
24,41,alsogod,1019,11.51,2026-04-22 19:18:15.666037433,10000,1.35,2026,4,22,19:00,18,19:18
24,41,alsogod,1019,11.51,2026-04-22 19:19:15.471307941,10000,1.35,2026,4,22,19:00,19,19:19
24,41,alsogod,1019,11.51,2026-04-22 19:20:15.442589328,10000,1.35,2026,4,22,19:00,20,19:20
24,41,alsogod,1019,11.51,2026-04-22 19:21:15.395759247,10000,1.35,2026,4,22,19:00,21,19:21
24,41,alsogod,1019,11.51,2026-04-22 19:22:15.555482503,10000,1.35,2026,4,22,19:00,22,19:22
24,42,alsogod,1019,11.12,2026-04-22 19:23:15.488441162,10000,1.35,2026,4,22,19:00,23,19:23
24,42,alsogod,1019,11.12,2026-04-22 19:24:15.414598845,10000,1.35,2026,4,22,19:00,24,19:24
24,42,alsogod,1019,11.12,2026-04-22 19:25:15.712652391,10000,1.35,2026,4,22,19:00,25,19:25
24,42,alsogod,1019,11.12,2026-04-22 19:26:15.516084098,10000,1.35,2026,4,22,19:00,26,19:26
24,42,alsogod,1019,11.12,2026-04-22 19:27:15.504863542,10000,1.35,2026,4,22,19:00,27,19:27
24,42,alsogod,1019,11.12,2026-04-22 19:28:15.463853570,10000,1.35,2026,4,22,19:00,28,19:28
24,42,alsogod,1019,11.12,2026-04-22 19:29:15.478421675,10000,1.35,2026,4,22,19:00,29,19:29
24,42,alsogod,1019,11.12,2026-04-22 19:30:15.513668103,10000,1.35,2026,4,22,19:00,30,19:30
24,42,alsogod,1019,11.12,2026-04-22 19:31:15.524201680,10000,1.35,2026,4,22,19:00,31,19:31
24,42,alsogod,1019,11.12,2026-04-22 19:32:15.496591135,10000,1.35,2026,4,22,19:00,32,19:32
24,42,alsogod,1019,11.12,2026-04-22 19:33:15.544932603,10000,1.35,2026,4,22,19:00,33,19:33
20,42,alsogod,1020,11.08,2026-04-22 19:34:15.541967102,10000,1.72,2026,4,22,19:00,34,19:34
20,42,alsogod,1020,11.08,2026-04-22 19:35:15.582303901,10000,1.72,2026,4,22,19:00,35,19:35
20,42,alsogod,1020,11.08,2026-04-22 19:36:15.569052879,10000,1.72,2026,4,22,19:00,36,19:36
20,42,alsogod,1020,11.08,2026-04-22 19:37:15.557455818,10000,1.72,2026,4,22,19:00,37,19:37
20,42,alsogod,1020,11.08,2026-04-22 19:38:15.549507324,10000,1.72,2026,4,22,19:00,38,19:38
20,42,alsogod,1020,11.08,2026-04-22 19:39:15.657908298,10000,1.72,2026,4,22,19:00,39,19:39
20,42,alsogod,1020,11.08,2026-04-22 19:40:15.613959651,10000,1.72,2026,4,22,19:00,40,19:40
20,42,alsogod,1020,11.08,2026-04-22 19:41:16.060970517,10000,1.72,2026,4,22,19:00,41,19:41
20,42,alsogod,1020,11.08,2026-04-22 19:42:15.769931529,10000,1.72,2026,4,22,19:00,42,19:42
20,42,alsogod,1020,11.08,2026-04-22 19:43:15.721678078,10000,1.72,2026,4,22,19:00,43,19:43
20,42,alsogod,1020,11.08,2026-04-22 19:44:15.636225323,10000,1.72,2026,4,22,19:00,44,19:44
20,42,alsogod,1020,11.08,2026-04-22 19:45:15.672293577,10000,1.72,2026,4,22,19:00,45,19:45
20,42,alsogod,1020,11.08,2026-04-22 19:46:15.685459157,10000,1.72,2026,4,22,19:00,46,19:46
20,42,alsogod,1020,11.08,2026-04-22 19:47:15.735180802,10000,1.72,2026,4,22,19:00,47,19:47
20,42,alsogod,1020,11.08,2026-04-22 19:48:15.779954708,10000,1.72,2026,4,22,19:00,48,19:48
20,42,alsogod,1020,11.08,2026-04-22 19:49:15.752543188,10000,1.72,2026,4,22,19:00,49,19:49
20,42,alsogod,1020,11.08,2026-04-22 19:50:15.761506906,10000,1.72,2026,4,22,19:00,50,19:50
20,42,alsogod,1020,11.08,2026-04-22 19:51:15.888192042,10000,1.72,2026,4,22,19:00,51,19:51
20,42,alsogod,1020,11.08,2026-04-22 19:52:15.776099904,10000,1.72,2026,4,22,19:00,52,19:52
20,42,alsogod,1020,10.87,2026-04-22 19:53:15.970045889,10000,1.72,2026,4,22,19:00,53,19:53
20,42,alsogod,1020,10.87,2026-04-22 19:54:15.708394287,10000,1.72,2026,4,22,19:00,54,19:54
20,42,alsogod,1020,10.87,2026-04-22 19:55:15.731940776,10000,1.72,2026,4,22,19:00,55,19:55
20,42,alsogod,1020,10.87,2026-04-22 19:56:15.733339606,10000,1.72,2026,4,22,19:00,56,19:56
20,42,alsogod,1020,10.87,2026-04-22 19:57:15.754254312,10000,1.72,2026,4,22,19:00,57,19:57
20,42,alsogod,1020,10.87,2026-04-22 19:58:15.813979414,10000,1.72,2026,4,22,19:00,58,19:58
20,42,alsogod,1020,10.87,2026-04-22 19:59:15.805828934,10000,1.72,2026,4,22,19:00,59,19:59
20,42,alsogod,1020,10.87,2026-04-22 20:00:15.786304579,10000,1.72,2026,4,22,20:00,0,20:00
20,42,alsogod,1020,10.87,2026-04-22 20:01:15.772490630,10000,1.72,2026,4,22,20:00,1,20:01
20,42,alsogod,1020,10.87,2026-04-22 20:02:15.929549123,10000,1.72,2026,4,22,20:00,2,20:02
20,42,alsogod,1020,10.87,2026-04-22 20:03:15.863639569,10000,1.72,2026,4,22,20:00,3,20:03
20,41,alsogod,1019,10.87,2026-04-22 20:04:15.904654083,10000,1.72,2026,4,22,20:00,4,20:04
20,41,alsogod,1019,10.87,2026-04-22 20:05:15.857789680,10000,1.72,2026,4,22,20:00,5,20:05
20,41,alsogod,1019,10.87,2026-04-22 20:06:15.832489246,10000,1.72,2026,4,22,20:00,6,20:06
20,41,alsogod,1019,10.87,2026-04-22 20:07:15.827379171,10000,1.72,2026,4,22,20:00,7,20:07
20,41,alsogod,1019,10.87,2026-04-22 20:08:15.812084339,10000,1.72,2026,4,22,20:00,8,20:08
20,41,alsogod,1019,10.87,2026-04-22 20:09:15.881217640,10000,1.72,2026,4,22,20:00,9,20:09
20,41,alsogod,1019,10.87,2026-04-22 20:10:15.816904966,10000,1.72,2026,4,22,20:00,10,20:10
20,41,alsogod,1019,10.87,2026-04-22 20:11:15.831885314,10000,1.72,2026,4,22,20:00,11,20:11
20,42,alsogod,1019,10.87,2026-04-22 20:12:15.987724254,10000,1.72,2026,4,22,20:00,12,20:12
20,42,alsogod,1019,10.87,2026-04-22 20:13:15.934360523,10000,1.72,2026,4,22,20:00,13,20:13
20,42,alsogod,1019,10.87,2026-04-22 20:14:15.970965250,10000,1.72,2026,4,22,20:00,14,20:14
20,42,alsogod,1019,10.87,2026-04-22 20:15:15.860839508,10000,1.72,2026,4,22,20:00,15,20:15
20,42,alsogod,1019,10.87,2026-04-22 20:16:15.911470140,10000,1.72,2026,4,22,20:00,16,20:16
20,42,alsogod,1019,10.87,2026-04-22 20:17:15.858727674,10000,1.72,2026,4,22,20:00,17,20:17
20,42,alsogod,1019,10.83,2026-04-22 20:18:14.988656538,10000,1.72,2026,4,22,20:00,18,20:18
20,42,alsogod,1019,10.83,2026-04-22 20:19:14.881145194,10000,1.72,2026,4,22,20:00,19,20:19
20,42,alsogod,1019,10.83,2026-04-22 20:20:14.963798442,10000,1.72,2026,4,22,20:00,20,20:20
20,42,alsogod,1019,10.83,2026-04-22 20:21:14.993615542,10000,1.72,2026,4,22,20:00,21,20:21
20,42,alsogod,1019,10.83,2026-04-22 20:22:14.929132613,10000,1.72,2026,4,22,20:00,22,20:22
20,42,alsogod,1019,10.83,2026-04-22 20:23:14.953172885,10000,1.72,2026,4,22,20:00,23,20:23
20,42,alsogod,1019,10.83,2026-04-22 20:24:14.935497402,10000,1.72,2026,4,22,20:00,24,20:24
20,42,alsogod,1019,10.83,2026-04-22 20:25:14.944460957,10000,1.72,2026,4,22,20:00,25,20:25
20,42,alsogod,1019,10.83,2026-04-22 20:26:15.042734429,10000,1.72,2026,4,22,20:00,26,20:26
20,42,alsogod,1019,10.83,2026-04-22 20:27:14.999899092,10000,1.72,2026,4,22,20:00,27,20:27
20,42,alsogod,1019,10.83,2026-04-22 20:28:14.998133715,10000,1.72,2026,4,22,20:00,28,20:28
20,42,alsogod,1019,10.83,2026-04-22 20:29:14.995226015,10000,1.72,2026,4,22,20:00,29,20:29
20,42,alsogod,1019,10.83,2026-04-22 20:30:15.001347578,10000,1.72,2026,4,22,20:00,30,20:30
20,42,alsogod,1019,10.83,2026-04-22 20:31:15.014153160,10000,1.72,2026,4,22,20:00,31,20:31
20,42,alsogod,1019,10.83,2026-04-22 20:32:15.013535904,10000,1.72,2026,4,22,20:00,32,20:32
20,42,alsogod,1019,10.83,2026-04-22 20:33:14.998100211,10000,1.72,2026,4,22,20:00,33,20:33
20,42,alsogod,1019,10.83,2026-04-22 20:34:15.026621409,10000,1.72,2026,4,22,20:00,34,20:34
16,42,alsogod,1020,10.32,2026-04-22 20:35:15.086031842,10000,1.87,2026,4,22,20:00,35,20:35
16,42,alsogod,1020,10.32,2026-04-22 20:36:15.094928160,10000,1.87,2026,4,22,20:00,36,20:36
16,42,alsogod,1020,10.32,2026-04-22 20:37:15.054849523,10000,1.87,2026,4,22,20:00,37,20:37
16,42,alsogod,1020,10.32,2026-04-22 20:38:15.055144152,10000,1.87,2026,4,22,20:00,38,20:38
16,42,alsogod,1020,10.32,2026-04-22 20:39:15.079371100,10000,1.87,2026,4,22,20:00,39,20:39
16,42,alsogod,1020,10.32,2026-04-22 20:40:15.092049675,10000,1.87,2026,4,22,20:00,40,20:40
16,42,alsogod,1020,10.32,2026-04-22 20:41:15.116485220,10000,1.87,2026,4,22,20:00,41,20:41
16,42,alsogod,1020,10.32,2026-04-22 20:42:15.097618284,10000,1.87,2026,4,22,20:00,42,20:42
16,42,alsogod,1020,10.32,2026-04-22 20:43:15.089797497,10000,1.87,2026,4,22,20:00,43,20:43
16,42,alsogod,1020,10.32,2026-04-22 20:44:15.087609327,10000,1.87,2026,4,22,20:00,44,20:44
16,42,alsogod,1020,10.32,2026-04-22 20:45:15.148970026,10000,1.87,2026,4,22,20:00,45,20:45
16,44,alsogod,1020,9.92,2026-04-22 20:46:15.169230697,10000,1.87,2026,4,22,20:00,46,20:46
16,44,alsogod,1020,9.92,2026-04-22 20:47:15.129489747,10000,1.87,2026,4,22,20:00,47,20:47
16,44,alsogod,1020,9.92,2026-04-22 20:48:15.127823469,10000,1.87,2026,4,22,20:00,48,20:48
16,44,alsogod,1020,9.92,2026-04-22 20:49:15.177556368,10000,1.87,2026,4,22,20:00,49,20:49
16,44,alsogod,1020,9.92,2026-04-22 20:50:15.152042927,10000,1.87,2026,4,22,20:00,50,20:50
16,44,alsogod,1020,9.92,2026-04-22 20:51:15.228086392,10000,1.87,2026,4,22,20:00,51,20:51
16,44,alsogod,1020,9.92,2026-04-22 20:52:15.212130236,10000,1.87,2026,4,22,20:00,52,20:52
16,44,alsogod,1020,9.92,2026-04-22 20:53:15.170377809,10000,1.87,2026,4,22,20:00,53,20:53
16,44,alsogod,1020,9.92,2026-04-22 20:54:15.234739888,10000,1.87,2026,4,22,20:00,54,20:54
16,44,alsogod,1020,9.92,2026-04-22 20:55:15.240375002,10000,1.87,2026,4,22,20:00,55,20:55
16,44,alsogod,1020,9.92,2026-04-22 20:56:15.201850996,10000,1.87,2026,4,22,20:00,56,20:56
16,45,alsogod,1020,9.53,2026-04-22 20:57:15.155507388,10000,1.87,2026,4,22,20:00,57,20:57
16,45,alsogod,1020,9.53,2026-04-22 20:58:15.180481230,10000,1.87,2026,4,22,20:00,58,20:58
16,45,alsogod,1020,9.53,2026-04-22 20:59:15.229287649,10000,1.87,2026,4,22,20:00,59,20:59
16,45,alsogod,1020,9.53,2026-04-22 21:00:15.352327295,10000,1.87,2026,4,22,21:00,0,21:00
16,45,alsogod,1020,9.53,2026-04-22 21:01:15.225599071,10000,1.87,2026,4,22,21:00,1,21:01
16,45,alsogod,1020,9.53,2026-04-22 21:02:15.210956650,10000,1.87,2026,4,22,21:00,2,21:02
16,46,alsogod,1020,9.49,2026-04-22 21:03:15.279758260,10000,1.87,2026,4,22,21:00,3,21:03
16,46,alsogod,1020,9.49,2026-04-22 21:04:15.277233392,10000,1.87,2026,4,22,21:00,4,21:04
16,46,alsogod,1020,9.49,2026-04-22 21:05:15.271281772,10000,1.87,2026,4,22,21:00,5,21:05
16,46,alsogod,1020,9.49,2026-04-22 21:06:15.251040720,10000,1.87,2026,4,22,21:00,6,21:06
16,46,alsogod,1020,9.49,2026-04-22 21:07:15.382569339,10000,1.87,2026,4,22,21:00,7,21:07
16,46,alsogod,1020,9.49,2026-04-22 21:08:15.327120296,10000,1.87,2026,4,22,21:00,8,21:08
16,46,alsogod,1020,9.49,2026-04-22 21:09:15.261669318,10000,1.87,2026,4,22,21:00,9,21:09
16,46,alsogod,1020,9.49,2026-04-22 21:10:15.299600427,10000,1.87,2026,4,22,21:00,10,21:10
16,46,alsogod,1020,9.49,2026-04-22 21:11:15.293908441,10000,1.87,2026,4,22,21:00,11,21:11
16,46,alsogod,1020,9.49,2026-04-22 21:12:15.298773474,10000,1.87,2026,4,22,21:00,12,21:12
16,46,alsogod,1020,9.49,2026-04-22 21:13:15.317627595,10000,1.87,2026,4,22,21:00,13,21:13
16,46,alsogod,1019,9.45,2026-04-22 21:14:15.356727926,10000,1.87,2026,4,22,21:00,14,21:14
16,46,alsogod,1019,9.45,2026-04-22 21:15:15.371138365,10000,1.87,2026,4,22,21:00,15,21:15
16,46,alsogod,1019,9.45,2026-04-22 21:16:15.363972941,10000,1.87,2026,4,22,21:00,16,21:16
16,46,alsogod,1019,9.45,2026-04-22 21:17:15.367513242,10000,1.87,2026,4,22,21:00,17,21:17
16,46,alsogod,1019,9.45,2026-04-22 21:18:15.317165338,10000,1.87,2026,4,22,21:00,18,21:18
16,46,alsogod,1019,9.45,2026-04-22 21:19:15.397991526,10000,1.87,2026,4,22,21:00,19,21:19
16,46,alsogod,1019,9.45,2026-04-22 21:20:15.384794703,10000,1.87,2026,4,22,21:00,20,21:20
16,46,alsogod,1019,9.45,2026-04-22 21:21:15.508584301,10000,1.87,2026,4,22,21:00,21,21:21
16,46,alsogod,1019,9.45,2026-04-22 21:22:15.455923724,10000,1.87,2026,4,22,21:00,22,21:22
16,49,alsogod,1019,9.06,2026-04-22 21:23:15.475907432,10000,1.87,2026,4,22,21:00,23,21:23
16,49,alsogod,1019,9.06,2026-04-22 21:24:15.419820385,10000,1.87,2026,4,22,21:00,24,21:24
16,49,alsogod,1019,9.06,2026-04-22 21:25:15.404989546,10000,1.87,2026,4,22,21:00,25,21:25
16,49,alsogod,1019,9.06,2026-04-22 21:26:15.421534776,10000,1.87,2026,4,22,21:00,26,21:26
16,49,alsogod,1019,9.06,2026-04-22 21:27:15.436847076,10000,1.87,2026,4,22,21:00,27,21:27
16,49,alsogod,1019,9.06,2026-04-22 21:28:15.443586253,10000,1.87,2026,4,22,21:00,28,21:28
16,50,alsogod,1019,8.66,2026-04-22 21:29:15.543074154,10000,1.87,2026,4,22,21:00,29,21:29
16,50,alsogod,1019,8.66,2026-04-22 21:30:15.492669437,10000,1.87,2026,4,22,21:00,30,21:30
16,49,alsogod,1019,9.06,2026-04-22 21:31:15.539875440,10000,1.87,2026,4,22,21:00,31,21:31
16,49,alsogod,1019,9.06,2026-04-22 21:32:15.562005261,10000,1.87,2026,4,22,21:00,32,21:32
16,49,alsogod,1019,9.06,2026-04-22 21:33:15.485533245,10000,1.87,2026,4,22,21:00,33,21:33
15,54,alsogod,1020,9.4,2026-04-22 21:34:15.475574381,10000,1.96,2026,4,22,21:00,34,21:34
15,54,alsogod,1020,9.4,2026-04-22 21:35:15.519149900,10000,1.96,2026,4,22,21:00,35,21:35
15,54,alsogod,1020,9.4,2026-04-22 21:36:15.517675858,10000,1.96,2026,4,22,21:00,36,21:36
15,54,alsogod,1020,9.4,2026-04-22 21:37:15.548016430,10000,1.96,2026,4,22,21:00,37,21:37
15,54,alsogod,1020,9.4,2026-04-22 21:38:15.533818252,10000,1.96,2026,4,22,21:00,38,21:38
15,54,alsogod,1020,9.4,2026-04-22 21:39:15.543816327,10000,1.96,2026,4,22,21:00,39,21:39
15,54,alsogod,1020,9.4,2026-04-22 21:40:15.805699840,10000,1.96,2026,4,22,21:00,40,21:40
15,54,alsogod,1020,9.4,2026-04-22 21:41:15.568019812,10000,1.96,2026,4,22,21:00,41,21:41
15,54,alsogod,1020,9.4,2026-04-22 21:42:15.546684679,10000,1.96,2026,4,22,21:00,42,21:42
15,54,alsogod,1020,9.4,2026-04-22 21:43:15.571634547,10000,1.96,2026,4,22,21:00,43,21:43
15,54,alsogod,1020,9.4,2026-04-22 21:44:15.611350613,10000,1.96,2026,4,22,21:00,44,21:44
15,54,alsogod,1020,9.26,2026-04-22 21:45:15.651198200,10000,1.96,2026,4,22,21:00,45,21:45
15,54,alsogod,1020,9.26,2026-04-22 21:46:15.563443215,10000,1.96,2026,4,22,21:00,46,21:46
15,54,alsogod,1020,9.26,2026-04-22 21:47:15.613717898,10000,1.96,2026,4,22,21:00,47,21:47
15,54,alsogod,1020,9.26,2026-04-22 21:48:15.660977947,10000,1.96,2026,4,22,21:00,48,21:48
15,54,alsogod,1020,9.26,2026-04-22 21:49:15.623965658,10000,1.96,2026,4,22,21:00,49,21:49
15,54,alsogod,1020,9.26,2026-04-22 21:50:15.623790269,10000,1.96,2026,4,22,21:00,50,21:50
15,54,alsogod,1020,9.26,2026-04-22 21:51:15.709311571,10000,1.96,2026,4,22,21:00,51,21:51
15,54,alsogod,1020,9.26,2026-04-22 21:52:15.665871539,10000,1.96,2026,4,22,21:00,52,21:52
15,54,alsogod,1020,9.26,2026-04-22 21:53:15.584069067,10000,1.96,2026,4,22,21:00,53,21:53
15,54,alsogod,1020,9.26,2026-04-22 21:54:15.631165517,10000,1.96,2026,4,22,21:00,54,21:54
15,54,alsogod,1020,9.26,2026-04-22 21:55:14.678641801,10000,1.96,2026,4,22,21:00,55,21:55
15,54,alsogod,1020,9.26,2026-04-22 21:56:14.717567301,10000,1.96,2026,4,22,21:00,56,21:56
15,54,alsogod,1020,9.26,2026-04-22 21:57:14.679597940,10000,1.96,2026,4,22,21:00,57,21:57
15,54,alsogod,1020,9.26,2026-04-22 21:58:14.684069238,10000,1.96,2026,4,22,21:00,58,21:58
15,51,alsogod,1020,8.11,2026-04-22 21:59:14.667925970,10000,1.96,2026,4,22,21:00,59,21:59
15,51,alsogod,1020,8.11,2026-04-22 22:00:14.677987957,10000,1.96,2026,4,22,22:00,0,22:00
15,51,alsogod,1020,8.11,2026-04-22 22:01:14.701955285,10000,1.96,2026,4,22,22:00,1,22:01
15,51,alsogod,1020,8.11,2026-04-22 22:02:14.763902497,10000,1.96,2026,4,22,22:00,2,22:02
15,51,alsogod,1020,8.11,2026-04-22 22:03:14.734557601,10000,1.96,2026,4,22,22:00,3,22:03
15,51,alsogod,1020,8.11,2026-04-22 22:04:14.760393726,10000,1.96,2026,4,22,22:00,4,22:04
15,51,alsogod,1019,8.19,2026-04-22 22:05:14.879132765,10000,1.96,2026,4,22,22:00,5,22:05
15,51,alsogod,1019,8.19,2026-04-22 22:06:14.813053636,10000,1.96,2026,4,22,22:00,6,22:06
15,51,alsogod,1019,8.19,2026-04-22 22:07:14.801739475,10000,1.96,2026,4,22,22:00,7,22:07
15,51,alsogod,1019,8.19,2026-04-22 22:08:14.777538330,10000,1.96,2026,4,22,22:00,8,22:08
15,51,alsogod,1019,8.19,2026-04-22 22:09:14.809819635,10000,1.96,2026,4,22,22:00,9,22:09
15,51,alsogod,1019,8.19,2026-04-22 22:10:14.760648191,10000,1.96,2026,4,22,22:00,10,22:10
15,51,alsogod,1019,8.19,2026-04-22 22:11:14.823599290,10000,1.96,2026,4,22,22:00,11,22:11
15,51,alsogod,1019,8.19,2026-04-22 22:12:14.808234571,10000,1.96,2026,4,22,22:00,12,22:12
15,51,alsogod,1019,8.19,2026-04-22 22:13:14.932740494,10000,1.96,2026,4,22,22:00,13,22:13
15,51,alsogod,1019,8.19,2026-04-22 22:14:14.848840371,10000,1.96,2026,4,22,22:00,14,22:14
15,51,alsogod,1019,8.19,2026-04-22 22:15:14.878050167,10000,1.96,2026,4,22,22:00,15,22:15
15,50,alsogod,1019,8.19,2026-04-22 22:16:14.897428597,10000,1.96,2026,4,22,22:00,16,22:16
15,50,alsogod,1019,8.19,2026-04-22 22:17:14.839079093,10000,1.96,2026,4,22,22:00,17,22:17
15,50,alsogod,1019,8.19,2026-04-22 22:18:14.963916760,10000,1.96,2026,4,22,22:00,18,22:18
15,50,alsogod,1019,8.19,2026-04-22 22:19:14.961075844,10000,1.96,2026,4,22,22:00,19,22:19
15,50,alsogod,1019,8.19,2026-04-22 22:20:14.909154734,10000,1.96,2026,4,22,22:00,20,22:20
15,50,alsogod,1019,8.19,2026-04-22 22:21:14.945089861,10000,1.96,2026,4,22,22:00,21,22:21
15,50,alsogod,1019,8.19,2026-04-22 22:22:14.917675143,10000,1.96,2026,4,22,22:00,22,22:22
15,50,alsogod,1019,8.19,2026-04-22 22:23:14.895410585,10000,1.96,2026,4,22,22:00,23,22:23
15,50,alsogod,1019,8.19,2026-04-22 22:24:14.937151499,10000,1.96,2026,4,22,22:00,24,22:24
15,50,alsogod,1019,8.19,2026-04-22 22:25:14.978206284,10000,1.96,2026,4,22,22:00,25,22:25
15,52,alsogod,1019,8.19,2026-04-22 22:26:14.994583743,10000,1.96,2026,4,22,22:00,26,22:26
15,52,alsogod,1019,8.19,2026-04-22 22:27:14.983078755,10000,1.96,2026,4,22,22:00,27,22:27
15,52,alsogod,1019,8.19,2026-04-22 22:28:14.972605422,10000,1.96,2026,4,22,22:00,28,22:28
15,52,alsogod,1019,8.19,2026-04-22 22:29:15.001801827,10000,1.96,2026,4,22,22:00,29,22:29
17,52,alsogod,1020,8.19,2026-04-22 22:30:15.024956958,10000,1.91,2026,4,22,22:00,30,22:30
17,52,alsogod,1020,8.19,2026-04-22 22:31:15.018627484,10000,1.91,2026,4,22,22:00,31,22:31
17,52,alsogod,1020,8.19,2026-04-22 22:32:14.991402201,10000,1.91,2026,4,22,22:00,32,22:32
17,52,alsogod,1020,8.19,2026-04-22 22:33:15.009882890,10000,1.91,2026,4,22,22:00,33,22:33
17,52,alsogod,1020,8.19,2026-04-22 22:34:14.983190951,10000,1.91,2026,4,22,22:00,34,22:34
17,54,alsogod,1020,8.84,2026-04-22 22:35:15.095657882,10000,1.91,2026,4,22,22:00,35,22:35
17,54,alsogod,1020,8.84,2026-04-22 22:36:15.084999701,10000,1.91,2026,4,22,22:00,36,22:36
17,54,alsogod,1020,8.84,2026-04-22 22:37:15.001060308,10000,1.91,2026,4,22,22:00,37,22:37
17,54,alsogod,1020,8.84,2026-04-22 22:38:15.015533088,10000,1.91,2026,4,22,22:00,38,22:38
17,54,alsogod,1020,8.84,2026-04-22 22:39:15.033939150,10000,1.91,2026,4,22,22:00,39,22:39
17,54,alsogod,1020,8.84,2026-04-22 22:40:15.032904442,10000,1.91,2026,4,22,22:00,40,22:40
17,54,alsogod,1020,8.84,2026-04-22 22:41:15.057247823,10000,1.91,2026,4,22,22:00,41,22:41
17,54,alsogod,1020,8.84,2026-04-22 22:42:15.082985868,10000,1.91,2026,4,22,22:00,42,22:42
17,54,alsogod,1020,8.84,2026-04-22 22:43:15.082688029,10000,1.91,2026,4,22,22:00,43,22:43
17,54,alsogod,1020,8.84,2026-04-22 22:44:15.089906512,10000,1.91,2026,4,22,22:00,44,22:44
17,54,alsogod,1020,8.84,2026-04-22 22:45:15.105155617,10000,1.91,2026,4,22,22:00,45,22:45
17,54,alsogod,1020,8.84,2026-04-22 22:46:15.172372131,10000,1.91,2026,4,22,22:00,46,22:46
17,54,alsogod,1020,8.84,2026-04-22 22:47:15.155387271,10000,1.91,2026,4,22,22:00,47,22:47
17,54,alsogod,1020,8.84,2026-04-22 22:48:15.109199766,10000,1.91,2026,4,22,22:00,48,22:48
17,54,alsogod,1020,8.84,2026-04-22 22:49:15.102788601,10000,1.91,2026,4,22,22:00,49,22:49
17,54,alsogod,1020,8.84,2026-04-22 22:50:15.129779482,10000,1.91,2026,4,22,22:00,50,22:50
17,54,alsogod,1020,8.84,2026-04-22 22:51:15.176722367,10000,1.91,2026,4,22,22:00,51,22:51
17,54,alsogod,1020,8.84,2026-04-22 22:52:15.152063953,10000,1.91,2026,4,22,22:00,52,22:52
17,54,alsogod,1020,8.84,2026-04-22 22:53:15.188852308,10000,1.91,2026,4,22,22:00,53,22:53
17,54,alsogod,1020,8.84,2026-04-22 22:54:15.158889277,10000,1.91,2026,4,22,22:00,54,22:54
17,54,alsogod,1020,8.84,2026-04-22 22:55:15.169571990,10000,1.91,2026,4,22,22:00,55,22:55
17,54,alsogod,1020,8.84,2026-04-22 22:56:15.204421020,10000,1.91,2026,4,22,22:00,56,22:56
15,54,alsogod,1020,8.84,2026-04-22 22:57:15.278224126,10000,2.04,2026,4,22,22:00,57,22:57
15,54,alsogod,1020,8.84,2026-04-22 22:58:15.186694778,10000,2.04,2026,4,22,22:00,58,22:58
15,54,alsogod,1020,8.84,2026-04-22 22:59:15.284160875,10000,2.04,2026,4,22,22:00,59,22:59
15,54,alsogod,1020,8.84,2026-04-22 23:00:15.325632238,10000,2.04,2026,4,22,23:00,0,23:00
15,54,alsogod,1020,8.84,2026-04-22 23:01:15.205184307,10000,2.04,2026,4,22,23:00,1,23:01
15,54,alsogod,1020,8.84,2026-04-22 23:02:15.237505965,10000,2.04,2026,4,22,23:00,2,23:02
15,54,alsogod,1020,8.84,2026-04-22 23:03:15.295513246,10000,2.04,2026,4,22,23:00,3,23:03
15,54,alsogod,1020,8.84,2026-04-22 23:04:15.250672806,10000,2.04,2026,4,22,23:00,4,23:04
15,54,alsogod,1020,8.84,2026-04-22 23:05:15.335798047,10000,2.04,2026,4,22,23:00,5,23:05
15,54,alsogod,1020,8.84,2026-04-22 23:06:15.330721377,10000,2.04,2026,4,22,23:00,6,23:06
15,50,alsogod,1019,8.84,2026-04-22 23:07:15.363938726,10000,2.04,2026,4,22,23:00,7,23:07
15,50,alsogod,1019,8.84,2026-04-22 23:08:15.369484763,10000,2.04,2026,4,22,23:00,8,23:08
15,50,alsogod,1019,8.84,2026-04-22 23:09:15.312693620,10000,2.04,2026,4,22,23:00,9,23:09
15,50,alsogod,1019,8.84,2026-04-22 23:10:15.343182323,10000,2.04,2026,4,22,23:00,10,23:10
15,50,alsogod,1019,8.84,2026-04-22 23:11:15.354004862,10000,2.04,2026,4,22,23:00,11,23:11
15,50,alsogod,1019,8.84,2026-04-22 23:12:15.339913675,10000,2.04,2026,4,22,23:00,12,23:12
15,50,alsogod,1019,8.84,2026-04-22 23:13:15.345552854,10000,2.04,2026,4,22,23:00,13,23:13
15,50,alsogod,1019,8.84,2026-04-22 23:14:15.355613966,10000,2.04,2026,4,22,23:00,14,23:14
15,50,alsogod,1019,8.84,2026-04-22 23:15:15.370422501,10000,2.04,2026,4,22,23:00,15,23:15
15,50,alsogod,1019,8.84,2026-04-22 23:16:15.401813320,10000,2.04,2026,4,22,23:00,16,23:16
15,50,alsogod,1019,8.84,2026-04-22 23:17:15.392900945,10000,2.04,2026,4,22,23:00,17,23:17
15,50,alsogod,1019,8.84,2026-04-22 23:18:15.459222116,10000,2.04,2026,4,22,23:00,18,23:18
15,50,alsogod,1019,8.84,2026-04-22 23:19:15.384707354,10000,2.04,2026,4,22,23:00,19,23:19
15,50,alsogod,1019,8.84,2026-04-22 23:20:15.459288620,10000,2.04,2026,4,22,23:00,20,23:20
15,50,alsogod,1019,8.84,2026-04-22 23:21:15.427140132,10000,2.04,2026,4,22,23:00,21,23:21
15,50,alsogod,1019,8.84,2026-04-22 23:22:15.425123889,10000,2.04,2026,4,22,23:00,22,23:22
15,50,alsogod,1019,8.84,2026-04-22 23:23:15.433216399,10000,2.04,2026,4,22,23:00,23,23:23
15,50,alsogod,1019,8.84,2026-04-22 23:24:15.459349937,10000,2.04,2026,4,22,23:00,24,23:24
15,50,alsogod,1019,8.84,2026-04-22 23:25:15.481147775,10000,2.04,2026,4,22,23:00,25,23:25
15,50,alsogod,1019,8.84,2026-04-22 23:26:15.448344320,10000,2.04,2026,4,22,23:00,26,23:26
15,50,alsogod,1019,8.84,2026-04-22 23:27:15.478516841,10000,2.04,2026,4,22,23:00,27,23:27
15,50,alsogod,1019,8.84,2026-04-22 23:28:15.477990623,10000,2.04,2026,4,22,23:00,28,23:28
15,51,alsogod,1019,7.64,2026-04-22 23:29:15.607470165,10000,2.04,2026,4,22,23:00,29,23:29
60,51,alsogod,1020,7.64,2026-04-22 23:30:15.591818096,10000,2.09,2026,4,22,23:00,30,23:30
60,51,alsogod,1020,7.64,2026-04-22 23:31:15.553036888,10000,2.09,2026,4,22,23:00,31,23:31
60,51,alsogod,1020,7.64,2026-04-22 23:32:15.497551249,10000,2.09,2026,4,22,23:00,32,23:32
60,51,alsogod,1020,7.64,2026-04-22 23:33:15.485964115,10000,2.09,2026,4,22,23:00,33,23:33
60,51,alsogod,1020,7.64,2026-04-22 23:34:15.567717428,10000,2.09,2026,4,22,23:00,34,23:34
60,51,alsogod,1020,7.64,2026-04-22 23:35:15.541180162,10000,2.09,2026,4,22,23:00,35,23:35
60,51,alsogod,1020,7.64,2026-04-22 23:36:15.572929465,10000,2.09,2026,4,22,23:00,36,23:36
60,51,alsogod,1020,7.64,2026-04-22 23:37:15.542138609,10000,2.09,2026,4,22,23:00,37,23:37
60,51,alsogod,1020,7.64,2026-04-22 23:38:15.583390248,10000,2.09,2026,4,22,23:00,38,23:38
60,51,alsogod,1020,7.64,2026-04-22 23:39:15.551599864,10000,2.09,2026,4,22,23:00,39,23:39
60,51,alsogod,1020,7.64,2026-04-22 23:40:15.586711113,10000,2.09,2026,4,22,23:00,40,23:40
60,50,alsogod,1020,7.59,2026-04-22 23:41:15.620349885,10000,2.09,2026,4,22,23:00,41,23:41
60,50,alsogod,1020,7.59,2026-04-22 23:42:15.596215180,10000,2.09,2026,4,22,23:00,42,23:42
60,50,alsogod,1020,7.59,2026-04-22 23:43:15.670941597,10000,2.09,2026,4,22,23:00,43,23:43
60,50,alsogod,1020,7.59,2026-04-22 23:44:15.614773895,10000,2.09,2026,4,22,23:00,44,23:44
60,50,alsogod,1020,7.59,2026-04-22 23:45:15.629852797,10000,2.09,2026,4,22,23:00,45,23:45
60,50,alsogod,1020,7.59,2026-04-22 23:46:15.687362196,10000,2.09,2026,4,22,23:00,46,23:46
60,50,alsogod,1020,7.59,2026-04-22 23:47:15.655114465,10000,2.09,2026,4,22,23:00,47,23:47
60,50,alsogod,1020,7.59,2026-04-22 23:48:14.684225005,10000,2.09,2026,4,22,23:00,48,23:48
60,50,alsogod,1020,7.67,2026-04-22 23:49:14.724468442,10000,2.09,2026,4,22,23:00,49,23:49
60,50,alsogod,1020,7.67,2026-04-22 23:50:14.706606956,10000,2.09,2026,4,22,23:00,50,23:50
60,50,alsogod,1020,7.67,2026-04-22 23:51:14.625995985,10000,2.09,2026,4,22,23:00,51,23:51
60,50,alsogod,1020,7.67,2026-04-22 23:52:14.697820187,10000,2.09,2026,4,22,23:00,52,23:52
60,50,alsogod,1020,7.67,2026-04-22 23:53:14.688377403,10000,2.09,2026,4,22,23:00,53,23:53
60,50,alsogod,1020,7.67,2026-04-22 23:54:14.701151901,10000,2.09,2026,4,22,23:00,54,23:54
60,50,alsogod,1020,7.67,2026-04-22 23:55:15.020926812,10000,2.09,2026,4,22,23:00,55,23:55
60,50,alsogod,1020,7.67,2026-04-22 23:56:14.738971530,10000,2.09,2026,4,22,23:00,56,23:56
60,50,alsogod,1020,7.67,2026-04-22 23:57:14.678444738,10000,2.09,2026,4,22,23:00,57,23:57
60,50,alsogod,1020,7.67,2026-04-22 23:58:14.785458333,10000,2.09,2026,4,22,23:00,58,23:58
60,50,alsogod,1020,7.67,2026-04-22 23:59:14.818762441,10000,2.09,2026,4,22,23:00,59,23:59
60,50,alsogod,1020,7.67,2026-04-23 00:00:14.807279385,10000,2.09,2026,4,23,00:00,0,00:00
60,50,alsogod,1020,7.67,2026-04-23 00:01:14.860431519,10000,2.09,2026,4,23,00:00,1,00:01
60,50,alsogod,1020,7.67,2026-04-23 00:02:14.758642792,10000,2.09,2026,4,23,00:00,2,00:02
60,50,alsogod,1020,7.67,2026-04-23 00:03:14.830445912,10000,2.09,2026,4,23,00:00,3,00:03
60,50,alsogod,1020,7.67,2026-04-23 00:04:14.864185978,10000,2.09,2026,4,23,00:00,4,00:04
60,50,alsogod,1020,7.67,2026-04-23 00:05:14.841070982,10000,2.09,2026,4,23,00:00,5,00:05
60,50,alsogod,1020,7.67,2026-04-23 00:06:14.871134845,10000,2.09,2026,4,23,00:00,6,00:06
60,50,alsogod,1020,7.67,2026-04-23 00:07:14.837276674,10000,2.09,2026,4,23,00:00,7,00:07
60,50,alsogod,1020,7.67,2026-04-23 00:08:14.882944944,10000,2.09,2026,4,23,00:00,8,00:08
60,50,alsogod,1020,7.67,2026-04-23 00:09:14.839226897,10000,2.09,2026,4,23,00:00,9,00:09
60,50,alsogod,1020,7.67,2026-04-23 00:10:14.906251089,10000,2.09,2026,4,23,00:00,10,00:10
60,50,alsogod,1020,7.67,2026-04-23 00:11:14.878934216,10000,2.09,2026,4,23,00:00,11,00:11
60,54,alsogod,1019,7.29,2026-04-23 00:12:14.864662673,10000,2.09,2026,4,23,00:00,12,00:12
60,54,alsogod,1019,7.29,2026-04-23 00:13:14.890134490,10000,2.09,2026,4,23,00:00,13,00:13
60,54,alsogod,1019,7.29,2026-04-23 00:14:14.884478088,10000,2.09,2026,4,23,00:00,14,00:14
60,54,alsogod,1019,7.29,2026-04-23 00:15:14.963766006,10000,2.09,2026,4,23,00:00,15,00:15
60,54,alsogod,1019,7.29,2026-04-23 00:16:14.948390800,10000,2.09,2026,4,23,00:00,16,00:16
60,54,alsogod,1019,7.29,2026-04-23 00:17:14.918150335,10000,2.09,2026,4,23,00:00,17,00:17
60,54,alsogod,1019,7.29,2026-04-23 00:18:14.912451638,10000,2.09,2026,4,23,00:00,18,00:18
60,54,alsogod,1019,7.29,2026-04-23 00:19:14.971629737,10000,2.09,2026,4,23,00:00,19,00:19
60,54,alsogod,1019,7.29,2026-04-23 00:20:14.976146767,10000,2.09,2026,4,23,00:00,20,00:20
60,54,alsogod,1019,7.29,2026-04-23 00:21:14.961766043,10000,2.09,2026,4,23,00:00,21,00:21
60,54,alsogod,1019,7.29,2026-04-23 00:22:14.994142534,10000,2.09,2026,4,23,00:00,22,00:22
60,51,alsogod,1019,8.57,2026-04-23 00:23:15.043031209,10000,2.09,2026,4,23,00:00,23,00:23
60,51,alsogod,1019,8.57,2026-04-23 00:24:14.935972909,10000,2.09,2026,4,23,00:00,24,00:24
60,51,alsogod,1019,8.57,2026-04-23 00:25:15.034772694,10000,2.09,2026,4,23,00:00,25,00:25
60,51,alsogod,1019,8.57,2026-04-23 00:26:15.013492411,10000,2.09,2026,4,23,00:00,26,00:26
60,51,alsogod,1019,8.57,2026-04-23 00:27:15.000842506,10000,2.09,2026,4,23,00:00,27,00:27
60,51,alsogod,1019,8.57,2026-04-23 00:28:15.052441393,10000,2.09,2026,4,23,00:00,28,00:28
60,51,alsogod,1019,8.57,2026-04-23 00:29:15.084908850,10000,2.09,2026,4,23,00:00,29,00:29
60,51,alsogod,1019,8.57,2026-04-23 00:30:15.122149209,10000,2.09,2026,4,23,00:00,30,00:30
60,51,alsogod,1019,8.57,2026-04-23 00:31:15.079320078,10000,2.09,2026,4,23,00:00,31,00:31
60,51,alsogod,1019,8.57,2026-04-23 00:32:15.064156793,10000,2.09,2026,4,23,00:00,32,00:32
73,54,alsogod,1019,8.37,2026-04-23 00:33:15.071556855,10000,2.13,2026,4,23,00:00,33,00:33
73,54,alsogod,1019,8.37,2026-04-23 00:34:15.036376439,10000,2.13,2026,4,23,00:00,34,00:34
73,54,alsogod,1019,8.37,2026-04-23 00:35:15.085764786,10000,2.13,2026,4,23,00:00,35,00:35
73,54,alsogod,1019,8.37,2026-04-23 00:36:15.145252359,10000,2.13,2026,4,23,00:00,36,00:36
73,54,alsogod,1019,8.37,2026-04-23 00:37:15.094056870,10000,2.13,2026,4,23,00:00,37,00:37
73,54,alsogod,1019,8.37,2026-04-23 00:38:15.094512420,10000,2.13,2026,4,23,00:00,38,00:38
73,54,alsogod,1019,8.37,2026-04-23 00:39:15.163765292,10000,2.13,2026,4,23,00:00,39,00:39
73,54,alsogod,1019,8.37,2026-04-23 00:40:15.173575852,10000,2.13,2026,4,23,00:00,40,00:40
73,54,alsogod,1019,8.37,2026-04-23 00:41:15.120098143,10000,2.13,2026,4,23,00:00,41,00:41
73,54,alsogod,1019,8.37,2026-04-23 00:42:15.051393479,10000,2.13,2026,4,23,00:00,42,00:42
73,54,alsogod,1019,8.37,2026-04-23 00:43:15.144976018,10000,2.13,2026,4,23,00:00,43,00:43
73,55,alsogod,1019,8.37,2026-04-23 00:44:15.125924532,10000,2.13,2026,4,23,00:00,44,00:44
73,55,alsogod,1019,8.37,2026-04-23 00:45:15.130789083,10000,2.13,2026,4,23,00:00,45,00:45
73,55,alsogod,1019,8.37,2026-04-23 00:46:15.109239373,10000,2.13,2026,4,23,00:00,46,00:46
73,55,alsogod,1019,8.37,2026-04-23 00:47:15.189660002,10000,2.13,2026,4,23,00:00,47,00:47
73,55,alsogod,1019,8.37,2026-04-23 00:48:15.299465059,10000,2.13,2026,4,23,00:00,48,00:48
73,55,alsogod,1019,8.37,2026-04-23 00:49:15.152426236,10000,2.13,2026,4,23,00:00,49,00:49
73,55,alsogod,1019,8.37,2026-04-23 00:50:15.189571433,10000,2.13,2026,4,23,00:00,50,00:50
73,55,alsogod,1019,8.37,2026-04-23 00:51:15.158068274,10000,2.13,2026,4,23,00:00,51,00:51
73,55,alsogod,1019,8.37,2026-04-23 00:52:15.228960045,10000,2.13,2026,4,23,00:00,52,00:52
73,55,alsogod,1019,8.37,2026-04-23 00:53:15.256796294,10000,2.13,2026,4,23,00:00,53,00:53
73,55,alsogod,1019,8.37,2026-04-23 00:54:15.205728507,10000,2.13,2026,4,23,00:00,54,00:54
73,55,alsogod,1019,8.37,2026-04-23 00:55:15.180285268,10000,2.13,2026,4,23,00:00,55,00:55
73,55,alsogod,1019,8.37,2026-04-23 00:56:15.361329933,10000,2.13,2026,4,23,00:00,56,00:56
73,55,alsogod,1019,8.37,2026-04-23 00:57:15.235683233,10000,2.13,2026,4,23,00:00,57,00:57
73,55,alsogod,1019,8.37,2026-04-23 00:58:15.256899936,10000,2.13,2026,4,23,00:00,58,00:58
73,55,alsogod,1019,8.57,2026-04-23 00:59:15.285499498,10000,2.13,2026,4,23,00:00,59,00:59
73,55,alsogod,1019,8.57,2026-04-23 01:00:15.287852765,10000,2.13,2026,4,23,01:00,0,01:00
73,55,alsogod,1019,8.57,2026-04-23 01:01:15.265901815,10000,2.13,2026,4,23,01:00,1,01:01
73,55,alsogod,1019,8.57,2026-04-23 01:02:15.283488431,10000,2.13,2026,4,23,01:00,2,01:02
73,55,alsogod,1019,8.57,2026-04-23 01:03:15.299597593,10000,2.13,2026,4,23,01:00,3,01:03
73,51,alsogod,1019,7.83,2026-04-23 01:04:15.399820136,10000,2.13,2026,4,23,01:00,4,01:04
73,51,alsogod,1019,7.83,2026-04-23 01:05:15.452979470,10000,2.13,2026,4,23,01:00,5,01:05
73,51,alsogod,1019,7.83,2026-04-23 01:06:15.429208083,10000,2.13,2026,4,23,01:00,6,01:06
73,51,alsogod,1019,7.83,2026-04-23 01:07:15.347579021,10000,2.13,2026,4,23,01:00,7,01:07
73,51,alsogod,1019,7.83,2026-04-23 01:08:15.329375652,10000,2.13,2026,4,23,01:00,8,01:08
73,51,alsogod,1019,7.83,2026-04-23 01:09:15.389310600,10000,2.13,2026,4,23,01:00,9,01:09
73,53,alsogod,1019,6.29,2026-04-23 01:10:15.452336998,10000,2.13,2026,4,23,01:00,10,01:10
73,53,alsogod,1019,6.29,2026-04-23 01:11:15.374771349,10000,2.13,2026,4,23,01:00,11,01:11
73,53,alsogod,1019,6.29,2026-04-23 01:12:15.404954066,10000,2.13,2026,4,23,01:00,12,01:12
73,53,alsogod,1019,6.29,2026-04-23 01:13:15.400145495,10000,2.13,2026,4,23,01:00,13,01:13
73,53,alsogod,1019,6.29,2026-04-23 01:14:15.441240525,10000,2.13,2026,4,23,01:00,14,01:14
73,53,alsogod,1019,6.29,2026-04-23 01:15:15.430664964,10000,2.13,2026,4,23,01:00,15,01:15
73,53,alsogod,1019,6.29,2026-04-23 01:16:15.446130767,10000,2.13,2026,4,23,01:00,16,01:16
73,53,alsogod,1019,6.29,2026-04-23 01:17:15.448129010,10000,2.13,2026,4,23,01:00,17,01:17
73,53,alsogod,1019,6.29,2026-04-23 01:18:15.438787182,10000,2.13,2026,4,23,01:00,18,01:18
73,53,alsogod,1019,6.29,2026-04-23 01:19:15.445967830,10000,2.13,2026,4,23,01:00,19,01:19
73,53,alsogod,1019,6.29,2026-04-23 01:20:15.447508514,10000,2.13,2026,4,23,01:00,20,01:20
73,54,alsogod,1019,7.08,2026-04-23 01:21:15.461295875,10000,2.13,2026,4,23,01:00,21,01:21
73,54,alsogod,1019,7.08,2026-04-23 01:22:15.493963770,10000,2.13,2026,4,23,01:00,22,01:22
73,54,alsogod,1019,7.08,2026-04-23 01:23:15.538093005,10000,2.13,2026,4,23,01:00,23,01:23
73,54,alsogod,1019,7.08,2026-04-23 01:24:15.534795723,10000,2.13,2026,4,23,01:00,24,01:24
73,54,alsogod,1019,7.08,2026-04-23 01:25:15.505403267,10000,2.13,2026,4,23,01:00,25,01:25
73,54,alsogod,1019,7.08,2026-04-23 01:26:15.586068841,10000,2.13,2026,4,23,01:00,26,01:26
73,54,alsogod,1019,7.08,2026-04-23 01:27:15.577405908,10000,2.13,2026,4,23,01:00,27,01:27
73,54,alsogod,1019,7.08,2026-04-23 01:28:15.525157410,10000,2.13,2026,4,23,01:00,28,01:28
73,54,alsogod,1019,7.08,2026-04-23 01:29:15.603258153,10000,2.13,2026,4,23,01:00,29,01:29
73,54,alsogod,1019,7.08,2026-04-23 01:30:15.581401565,10000,2.13,2026,4,23,01:00,30,01:30
73,54,alsogod,1019,7.08,2026-04-23 01:31:15.616668358,10000,2.13,2026,4,23,01:00,31,01:31
80,55,alsogod,1019,6.62,2026-04-23 01:32:15.582010846,10000,2.02,2026,4,23,01:00,32,01:32
80,55,alsogod,1019,6.62,2026-04-23 01:33:15.552088486,10000,2.02,2026,4,23,01:00,33,01:33
80,55,alsogod,1019,6.62,2026-04-23 01:34:15.613633775,10000,2.02,2026,4,23,01:00,34,01:34
80,55,alsogod,1019,6.62,2026-04-23 01:35:15.630566661,10000,2.02,2026,4,23,01:00,35,01:35
80,55,alsogod,1019,6.62,2026-04-23 01:36:15.725770566,10000,2.02,2026,4,23,01:00,36,01:36
80,55,alsogod,1019,6.62,2026-04-23 01:37:15.731641093,10000,2.02,2026,4,23,01:00,37,01:37
80,55,alsogod,1019,6.62,2026-04-23 01:38:15.683741472,10000,2.02,2026,4,23,01:00,38,01:38
80,55,alsogod,1019,6.62,2026-04-23 01:39:15.733862936,10000,2.02,2026,4,23,01:00,39,01:39
80,55,alsogod,1019,6.62,2026-04-23 01:40:15.638000458,10000,2.02,2026,4,23,01:00,40,01:40
80,55,alsogod,1019,6.62,2026-04-23 01:41:15.675062462,10000,2.02,2026,4,23,01:00,41,01:41
80,55,alsogod,1019,6.62,2026-04-23 01:42:15.677395968,10000,2.02,2026,4,23,01:00,42,01:42
80,55,alsogod,1019,8.93,2026-04-23 01:43:15.743683442,10000,2.02,2026,4,23,01:00,43,01:43
80,55,alsogod,1019,8.93,2026-04-23 01:44:15.728033810,10000,2.02,2026,4,23,01:00,44,01:44
80,55,alsogod,1019,8.93,2026-04-23 01:45:15.674369687,10000,2.02,2026,4,23,01:00,45,01:45
80,55,alsogod,1019,8.93,2026-04-23 01:46:15.665821180,10000,2.02,2026,4,23,01:00,46,01:46
80,55,alsogod,1019,8.93,2026-04-23 01:47:15.675600423,10000,2.02,2026,4,23,01:00,47,01:47
80,55,alsogod,1019,8.93,2026-04-23 01:48:14.718560645,10000,2.02,2026,4,23,01:00,48,01:48
80,55,alsogod,1019,8.93,2026-04-23 01:49:14.706270523,10000,2.02,2026,4,23,01:00,49,01:49
80,55,alsogod,1019,8.93,2026-04-23 01:50:14.791326670,10000,2.02,2026,4,23,01:00,50,01:50
80,55,alsogod,1019,8.93,2026-04-23 01:51:14.735683423,10000,2.02,2026,4,23,01:00,51,01:51
80,55,alsogod,1019,8.93,2026-04-23 01:52:14.733655299,10000,2.02,2026,4,23,01:00,52,01:52
80,55,alsogod,1019,8.93,2026-04-23 01:53:14.732889432,10000,2.02,2026,4,23,01:00,53,01:53
80,55,alsogod,1019,8.93,2026-04-23 01:54:14.732264402,10000,2.02,2026,4,23,01:00,54,01:54
80,55,alsogod,1019,8.93,2026-04-23 01:55:14.820665067,10000,2.02,2026,4,23,01:00,55,01:55
80,55,alsogod,1019,8.93,2026-04-23 01:56:14.869408889,10000,2.02,2026,4,23,01:00,56,01:56
80,55,alsogod,1019,8.93,2026-04-23 01:57:14.779282678,10000,2.02,2026,4,23,01:00,57,01:57
80,55,alsogod,1019,8.93,2026-04-23 01:58:14.850453642,10000,2.02,2026,4,23,01:00,58,01:58
80,55,alsogod,1019,8.93,2026-04-23 01:59:14.827728789,10000,2.02,2026,4,23,01:00,59,01:59
80,55,alsogod,1019,8.93,2026-04-23 02:00:14.842523130,10000,2.02,2026,4,23,02:00,0,02:00
80,55,alsogod,1019,8.93,2026-04-23 02:01:14.830811275,10000,2.02,2026,4,23,02:00,1,02:01
80,55,alsogod,1019,8.93,2026-04-23 02:02:14.956436950,10000,2.02,2026,4,23,02:00,2,02:02
80,55,alsogod,1019,8.93,2026-04-23 02:03:14.849585468,10000,2.02,2026,4,23,02:00,3,02:03
80,55,alsogod,1019,8.93,2026-04-23 02:04:14.876234982,10000,2.02,2026,4,23,02:00,4,02:04
80,52,alsogod,1018,8.93,2026-04-23 02:05:15.087002871,10000,2.02,2026,4,23,02:00,5,02:05
80,52,alsogod,1018,8.93,2026-04-23 02:06:14.953517217,10000,2.02,2026,4,23,02:00,6,02:06
80,52,alsogod,1018,8.93,2026-04-23 02:07:14.895062572,10000,2.02,2026,4,23,02:00,7,02:07
80,52,alsogod,1018,8.93,2026-04-23 02:08:14.969082037,10000,2.02,2026,4,23,02:00,8,02:08
80,52,alsogod,1018,8.93,2026-04-23 02:09:15.029372383,10000,2.02,2026,4,23,02:00,9,02:09
80,52,alsogod,1018,8.93,2026-04-23 02:10:14.974660005,10000,2.02,2026,4,23,02:00,10,02:10
80,52,alsogod,1018,8.93,2026-04-23 02:11:14.943654868,10000,2.02,2026,4,23,02:00,11,02:11
80,52,alsogod,1018,8.93,2026-04-23 02:12:14.954823365,10000,2.02,2026,4,23,02:00,12,02:12
80,52,alsogod,1018,8.93,2026-04-23 02:13:14.941705722,10000,2.02,2026,4,23,02:00,13,02:13
80,52,alsogod,1018,8.93,2026-04-23 02:14:14.978611099,10000,2.02,2026,4,23,02:00,14,02:14
80,52,alsogod,1018,8.93,2026-04-23 02:15:15.026970143,10000,2.02,2026,4,23,02:00,15,02:15
80,52,alsogod,1018,9.19,2026-04-23 02:16:14.972994939,10000,2.02,2026,4,23,02:00,16,02:16
80,52,alsogod,1018,9.19,2026-04-23 02:17:14.960866580,10000,2.02,2026,4,23,02:00,17,02:17
80,52,alsogod,1018,9.19,2026-04-23 02:18:15.001036952,10000,2.02,2026,4,23,02:00,18,02:18
80,52,alsogod,1018,9.19,2026-04-23 02:19:14.987632160,10000,2.02,2026,4,23,02:00,19,02:19
80,52,alsogod,1018,9.19,2026-04-23 02:20:14.968200776,10000,2.02,2026,4,23,02:00,20,02:20
80,52,alsogod,1018,9.19,2026-04-23 02:21:15.038720125,10000,2.02,2026,4,23,02:00,21,02:21
80,52,alsogod,1018,9.19,2026-04-23 02:22:14.991815261,10000,2.02,2026,4,23,02:00,22,02:22
80,52,alsogod,1018,9.19,2026-04-23 02:23:15.010798536,10000,2.02,2026,4,23,02:00,23,02:23
80,52,alsogod,1018,9.19,2026-04-23 02:24:15.032058832,10000,2.02,2026,4,23,02:00,24,02:24
80,53,alsogod,1018,9.19,2026-04-23 02:25:15.023217664,10000,2.02,2026,4,23,02:00,25,02:25
80,53,alsogod,1018,9.19,2026-04-23 02:26:15.083917217,10000,2.02,2026,4,23,02:00,26,02:26
80,53,alsogod,1018,9.19,2026-04-23 02:27:15.068561714,10000,2.02,2026,4,23,02:00,27,02:27
80,53,alsogod,1018,9.19,2026-04-23 02:28:15.044358935,10000,2.02,2026,4,23,02:00,28,02:28
80,53,alsogod,1018,9.19,2026-04-23 02:29:15.090000167,10000,2.02,2026,4,23,02:00,29,02:29
80,53,alsogod,1018,9.19,2026-04-23 02:30:15.106680794,10000,2.02,2026,4,23,02:00,30,02:30
80,53,alsogod,1018,9.19,2026-04-23 02:31:15.094402218,10000,2.02,2026,4,23,02:00,31,02:31
80,53,alsogod,1018,9.19,2026-04-23 02:32:15.156688500,10000,2.02,2026,4,23,02:00,32,02:32
80,53,alsogod,1018,9.19,2026-04-23 02:33:15.125554818,10000,2.02,2026,4,23,02:00,33,02:33
80,53,alsogod,1018,9.19,2026-04-23 02:34:15.140470680,10000,2.02,2026,4,23,02:00,34,02:34
80,53,alsogod,1018,9.19,2026-04-23 02:35:15.192994646,10000,2.02,2026,4,23,02:00,35,02:35
84,55,alsogod,1019,9.11,2026-04-23 02:36:15.131341233,10000,2.12,2026,4,23,02:00,36,02:36
84,55,alsogod,1019,9.11,2026-04-23 02:37:15.146739428,10000,2.12,2026,4,23,02:00,37,02:37
84,55,alsogod,1019,9.11,2026-04-23 02:38:15.154372738,10000,2.12,2026,4,23,02:00,38,02:38
84,55,alsogod,1019,9.11,2026-04-23 02:39:15.290799964,10000,2.12,2026,4,23,02:00,39,02:39
84,55,alsogod,1019,9.11,2026-04-23 02:40:15.268706758,10000,2.12,2026,4,23,02:00,40,02:40
84,55,alsogod,1019,9.11,2026-04-23 02:41:15.218188187,10000,2.12,2026,4,23,02:00,41,02:41
84,55,alsogod,1019,9.11,2026-04-23 02:42:15.204627386,10000,2.12,2026,4,23,02:00,42,02:42
84,55,alsogod,1019,9.26,2026-04-23 02:43:15.339017127,10000,2.12,2026,4,23,02:00,43,02:43
84,55,alsogod,1019,9.26,2026-04-23 02:44:15.252422761,10000,2.12,2026,4,23,02:00,44,02:44
84,55,alsogod,1019,9.26,2026-04-23 02:45:15.207531624,10000,2.12,2026,4,23,02:00,45,02:45
84,55,alsogod,1019,9.26,2026-04-23 02:46:15.282753186,10000,2.12,2026,4,23,02:00,46,02:46
84,55,alsogod,1019,9.26,2026-04-23 02:47:15.253831739,10000,2.12,2026,4,23,02:00,47,02:47
84,55,alsogod,1019,9.26,2026-04-23 02:48:15.273102573,10000,2.12,2026,4,23,02:00,48,02:48
84,54,alsogod,1019,9.26,2026-04-23 02:49:15.337855067,10000,2.12,2026,4,23,02:00,49,02:49
84,54,alsogod,1019,9.26,2026-04-23 02:50:15.288022287,10000,2.12,2026,4,23,02:00,50,02:50
84,54,alsogod,1019,9.26,2026-04-23 02:51:15.404733906,10000,2.12,2026,4,23,02:00,51,02:51
84,54,alsogod,1019,9.26,2026-04-23 02:52:15.314732053,10000,2.12,2026,4,23,02:00,52,02:52
84,54,alsogod,1019,9.26,2026-04-23 02:53:15.327005484,10000,2.12,2026,4,23,02:00,53,02:53
84,54,alsogod,1019,9.26,2026-04-23 02:54:15.301971447,10000,2.12,2026,4,23,02:00,54,02:54
84,54,alsogod,1019,9.26,2026-04-23 02:55:15.316824086,10000,2.12,2026,4,23,02:00,55,02:55
84,54,alsogod,1019,9.26,2026-04-23 02:56:15.331008957,10000,2.12,2026,4,23,02:00,56,02:56
84,54,alsogod,1019,9.26,2026-04-23 02:57:15.381926108,10000,2.12,2026,4,23,02:00,57,02:57
84,54,alsogod,1019,9.26,2026-04-23 02:58:15.367550542,10000,2.12,2026,4,23,02:00,58,02:58
84,54,alsogod,1019,9.26,2026-04-23 02:59:15.711788216,10000,2.12,2026,4,23,02:00,59,02:59
84,50,alsogod,1019,8.39,2026-04-23 03:00:15.408179514,10000,2.12,2026,4,23,03:00,0,03:00
84,50,alsogod,1019,8.39,2026-04-23 03:01:15.415609828,10000,2.12,2026,4,23,03:00,1,03:01
84,50,alsogod,1019,8.39,2026-04-23 03:02:15.393659968,10000,2.12,2026,4,23,03:00,2,03:02
84,50,alsogod,1019,8.39,2026-04-23 03:03:15.431262985,10000,2.12,2026,4,23,03:00,3,03:03
84,50,alsogod,1019,8.39,2026-04-23 03:04:15.458917894,10000,2.12,2026,4,23,03:00,4,03:04
84,50,alsogod,1019,8.39,2026-04-23 03:05:15.430235119,10000,2.12,2026,4,23,03:00,5,03:05
84,50,alsogod,1019,8.39,2026-04-23 03:06:15.455956653,10000,2.12,2026,4,23,03:00,6,03:06
84,50,alsogod,1019,8.39,2026-04-23 03:07:15.437957258,10000,2.12,2026,4,23,03:00,7,03:07
84,50,alsogod,1019,8.39,2026-04-23 03:08:15.424148914,10000,2.12,2026,4,23,03:00,8,03:08
84,50,alsogod,1019,8.39,2026-04-23 03:09:15.449386515,10000,2.12,2026,4,23,03:00,9,03:09
84,48,alsogod,1019,8.93,2026-04-23 03:10:15.518513578,10000,2.12,2026,4,23,03:00,10,03:10
84,48,alsogod,1019,8.93,2026-04-23 03:11:15.516458858,10000,2.12,2026,4,23,03:00,11,03:11
84,48,alsogod,1019,8.93,2026-04-23 03:12:15.545408424,10000,2.12,2026,4,23,03:00,12,03:12
84,48,alsogod,1019,8.93,2026-04-23 03:13:15.478268785,10000,2.12,2026,4,23,03:00,13,03:13
84,48,alsogod,1019,8.93,2026-04-23 03:14:15.485264866,10000,2.12,2026,4,23,03:00,14,03:14
84,48,alsogod,1019,8.93,2026-04-23 03:15:15.557531197,10000,2.12,2026,4,23,03:00,15,03:15
84,48,alsogod,1019,8.93,2026-04-23 03:16:15.536061258,10000,2.12,2026,4,23,03:00,16,03:16
84,48,alsogod,1019,8.93,2026-04-23 03:17:15.519371255,10000,2.12,2026,4,23,03:00,17,03:17
84,48,alsogod,1019,9.46,2026-04-23 03:18:15.639154758,10000,2.12,2026,4,23,03:00,18,03:18
84,48,alsogod,1019,9.46,2026-04-23 03:19:15.535395528,10000,2.12,2026,4,23,03:00,19,03:19
84,48,alsogod,1019,9.46,2026-04-23 03:20:15.567454177,10000,2.12,2026,4,23,03:00,20,03:20
84,48,alsogod,1019,9.46,2026-04-23 03:21:15.544692309,10000,2.12,2026,4,23,03:00,21,03:21
84,48,alsogod,1019,9.46,2026-04-23 03:22:15.657696178,10000,2.12,2026,4,23,03:00,22,03:22
84,48,alsogod,1019,9.46,2026-04-23 03:23:15.582937420,10000,2.12,2026,4,23,03:00,23,03:23
84,48,alsogod,1019,9.46,2026-04-23 03:24:15.589608919,10000,2.12,2026,4,23,03:00,24,03:24
84,48,alsogod,1019,9.46,2026-04-23 03:25:15.585293531,10000,2.12,2026,4,23,03:00,25,03:25
84,48,alsogod,1019,9.46,2026-04-23 03:26:15.687438787,10000,2.12,2026,4,23,03:00,26,03:26
84,48,alsogod,1019,9.46,2026-04-23 03:27:15.601924141,10000,2.12,2026,4,23,03:00,27,03:27
84,48,alsogod,1019,9.46,2026-04-23 03:28:15.620062753,10000,2.12,2026,4,23,03:00,28,03:28
84,48,alsogod,1019,10.0,2026-04-23 03:29:15.703156251,10000,2.12,2026,4,23,03:00,29,03:29
84,48,alsogod,1019,10.0,2026-04-23 03:30:15.672395731,10000,2.12,2026,4,23,03:00,30,03:30
84,48,alsogod,1019,10.0,2026-04-23 03:31:15.694993063,10000,2.12,2026,4,23,03:00,31,03:31
84,48,alsogod,1019,10.0,2026-04-23 03:32:15.686223799,10000,2.12,2026,4,23,03:00,32,03:32
84,48,alsogod,1019,10.0,2026-04-23 03:33:15.677220413,10000,2.12,2026,4,23,03:00,33,03:33
84,48,alsogod,1019,10.0,2026-04-23 03:34:15.728198081,10000,2.12,2026,4,23,03:00,34,03:34
84,48,alsogod,1019,10.0,2026-04-23 03:35:15.730084991,10000,2.12,2026,4,23,03:00,35,03:35
87,47,alsogod,1019,10.0,2026-04-23 03:36:14.837739744,10000,2.75,2026,4,23,03:00,36,03:36
87,47,alsogod,1019,10.0,2026-04-23 03:37:14.752538903,10000,2.75,2026,4,23,03:00,37,03:37
87,47,alsogod,1019,10.0,2026-04-23 03:38:14.728691500,10000,2.75,2026,4,23,03:00,38,03:38
87,47,alsogod,1019,10.0,2026-04-23 03:39:14.734780639,10000,2.75,2026,4,23,03:00,39,03:39
87,47,alsogod,1019,10.0,2026-04-23 03:40:14.718977882,10000,2.75,2026,4,23,03:00,40,03:40
87,47,alsogod,1019,10.0,2026-04-23 03:41:14.803038480,10000,2.75,2026,4,23,03:00,41,03:41
87,47,alsogod,1019,10.0,2026-04-23 03:42:14.857240078,10000,2.75,2026,4,23,03:00,42,03:42
87,47,alsogod,1019,10.56,2026-04-23 03:43:14.750846564,10000,2.75,2026,4,23,03:00,43,03:43
87,47,alsogod,1019,10.56,2026-04-23 03:44:14.754154007,10000,2.75,2026,4,23,03:00,44,03:44
87,47,alsogod,1019,10.56,2026-04-23 03:45:14.827781458,10000,2.75,2026,4,23,03:00,45,03:45
87,47,alsogod,1019,10.56,2026-04-23 03:46:14.813778557,10000,2.75,2026,4,23,03:00,46,03:46
87,47,alsogod,1019,10.56,2026-04-23 03:47:15.875106910,10000,2.75,2026,4,23,03:00,47,03:47
87,47,alsogod,1019,10.56,2026-04-23 03:48:14.814357714,10000,2.75,2026,4,23,03:00,48,03:48
87,47,alsogod,1019,10.56,2026-04-23 03:49:14.830024751,10000,2.75,2026,4,23,03:00,49,03:49
87,47,alsogod,1019,10.56,2026-04-23 03:50:14.858102529,10000,2.75,2026,4,23,03:00,50,03:50
87,47,alsogod,1019,10.56,2026-04-23 03:51:14.859708095,10000,2.75,2026,4,23,03:00,51,03:51
87,47,alsogod,1019,10.56,2026-04-23 03:52:14.868186512,10000,2.75,2026,4,23,03:00,52,03:52
87,47,alsogod,1019,10.56,2026-04-23 03:53:14.928654823,10000,2.75,2026,4,23,03:00,53,03:53
87,47,alsogod,1019,10.58,2026-04-23 03:54:14.970474479,10000,2.75,2026,4,23,03:00,54,03:54
87,47,alsogod,1019,10.58,2026-04-23 03:55:15.290026082,10000,2.75,2026,4,23,03:00,55,03:55
87,47,alsogod,1019,10.58,2026-04-23 03:56:14.904500738,10000,2.75,2026,4,23,03:00,56,03:56
87,47,alsogod,1019,10.58,2026-04-23 03:57:14.912360925,10000,2.75,2026,4,23,03:00,57,03:57
87,47,alsogod,1019,10.58,2026-04-23 03:58:14.953989256,10000,2.75,2026,4,23,03:00,58,03:58
87,47,alsogod,1019,10.58,2026-04-23 03:59:14.982507154,10000,2.75,2026,4,23,03:00,59,03:59
87,46,alsogod,1019,11.11,2026-04-23 04:00:14.962555923,10000,2.75,2026,4,23,04:00,0,04:00
87,46,alsogod,1019,11.11,2026-04-23 04:01:14.951481412,10000,2.75,2026,4,23,04:00,1,04:01
87,46,alsogod,1019,11.11,2026-04-23 04:02:14.923902208,10000,2.75,2026,4,23,04:00,2,04:02
87,46,alsogod,1019,11.11,2026-04-23 04:03:14.967602293,10000,2.75,2026,4,23,04:00,3,04:03
87,46,alsogod,1019,11.11,2026-04-23 04:04:14.960874802,10000,2.75,2026,4,23,04:00,4,04:04
87,46,alsogod,1019,11.11,2026-04-23 04:05:14.994872472,10000,2.75,2026,4,23,04:00,5,04:05
87,46,alsogod,1019,11.11,2026-04-23 04:06:15.030116476,10000,2.75,2026,4,23,04:00,6,04:06
87,46,alsogod,1019,11.11,2026-04-23 04:07:14.980765635,10000,2.75,2026,4,23,04:00,7,04:07
87,46,alsogod,1019,11.11,2026-04-23 04:08:15.029849506,10000,2.75,2026,4,23,04:00,8,04:08
87,46,alsogod,1019,11.11,2026-04-23 04:09:15.115640231,10000,2.75,2026,4,23,04:00,9,04:09
87,46,alsogod,1019,11.11,2026-04-23 04:10:15.080000523,10000,2.75,2026,4,23,04:00,10,04:10
87,47,alsogod,1018,11.13,2026-04-23 04:11:15.153600483,10000,2.75,2026,4,23,04:00,11,04:11
87,47,alsogod,1018,11.13,2026-04-23 04:12:15.038625859,10000,2.75,2026,4,23,04:00,12,04:12
87,47,alsogod,1018,11.13,2026-04-23 04:13:15.085008744,10000,2.75,2026,4,23,04:00,13,04:13
87,47,alsogod,1018,11.13,2026-04-23 04:14:15.050786820,10000,2.75,2026,4,23,04:00,14,04:14
87,47,alsogod,1018,11.13,2026-04-23 04:15:15.109821590,10000,2.75,2026,4,23,04:00,15,04:15
87,47,alsogod,1018,11.13,2026-04-23 04:16:15.024386098,10000,2.75,2026,4,23,04:00,16,04:16
87,47,alsogod,1018,11.13,2026-04-23 04:17:15.059598194,10000,2.75,2026,4,23,04:00,17,04:17
87,47,alsogod,1018,11.13,2026-04-23 04:18:15.115218374,10000,2.75,2026,4,23,04:00,18,04:18
87,47,alsogod,1018,11.13,2026-04-23 04:19:15.075388887,10000,2.75,2026,4,23,04:00,19,04:19
87,47,alsogod,1018,11.13,2026-04-23 04:20:15.137373289,10000,2.75,2026,4,23,04:00,20,04:20
87,47,alsogod,1018,11.13,2026-04-23 04:21:15.109199127,10000,2.75,2026,4,23,04:00,21,04:21
87,47,alsogod,1018,11.13,2026-04-23 04:22:15.101534824,10000,2.75,2026,4,23,04:00,22,04:22
87,47,alsogod,1018,11.13,2026-04-23 04:23:15.120417159,10000,2.75,2026,4,23,04:00,23,04:23
87,47,alsogod,1018,11.13,2026-04-23 04:24:15.106953597,10000,2.75,2026,4,23,04:00,24,04:24
87,47,alsogod,1018,11.13,2026-04-23 04:25:15.142172380,10000,2.75,2026,4,23,04:00,25,04:25
87,47,alsogod,1018,11.13,2026-04-23 04:26:15.135763672,10000,2.75,2026,4,23,04:00,26,04:26
87,47,alsogod,1018,11.13,2026-04-23 04:27:15.128572105,10000,2.75,2026,4,23,04:00,27,04:27
87,47,alsogod,1018,11.13,2026-04-23 04:28:15.135453300,10000,2.75,2026,4,23,04:00,28,04:28
87,47,alsogod,1018,11.13,2026-04-23 04:29:15.179200740,10000,2.75,2026,4,23,04:00,29,04:29
87,47,alsogod,1018,11.13,2026-04-23 04:30:15.204646135,10000,2.75,2026,4,23,04:00,30,04:30
100,46,alsogod,1019,11.67,2026-04-23 04:31:15.159423581,10000,4.1,2026,4,23,04:00,31,04:31
100,46,alsogod,1019,11.67,2026-04-23 04:32:15.233766956,10000,4.1,2026,4,23,04:00,32,04:32
100,46,alsogod,1019,11.67,2026-04-23 04:33:15.223177919,10000,4.1,2026,4,23,04:00,33,04:33
100,46,alsogod,1019,11.67,2026-04-23 04:34:15.184340070,10000,4.1,2026,4,23,04:00,34,04:34
100,46,alsogod,1019,11.67,2026-04-23 04:35:15.220677828,10000,4.1,2026,4,23,04:00,35,04:35
100,46,alsogod,1019,11.67,2026-04-23 04:36:15.276606758,10000,4.1,2026,4,23,04:00,36,04:36
100,46,alsogod,1019,11.67,2026-04-23 04:37:15.187982760,10000,4.1,2026,4,23,04:00,37,04:37
100,46,alsogod,1019,11.67,2026-04-23 04:38:15.214334989,10000,4.1,2026,4,23,04:00,38,04:38
100,46,alsogod,1019,11.67,2026-04-23 04:39:15.238725042,10000,4.1,2026,4,23,04:00,39,04:39
100,46,alsogod,1019,11.67,2026-04-23 04:40:15.262478515,10000,4.1,2026,4,23,04:00,40,04:40
100,46,alsogod,1019,11.67,2026-04-23 04:41:15.277180554,10000,4.1,2026,4,23,04:00,41,04:41
100,46,alsogod,1019,11.67,2026-04-23 04:42:15.207784998,10000,4.1,2026,4,23,04:00,42,04:42
100,45,alsogod,1019,11.69,2026-04-23 04:43:15.299640599,10000,4.1,2026,4,23,04:00,43,04:43
100,45,alsogod,1019,11.69,2026-04-23 04:44:15.275119555,10000,4.1,2026,4,23,04:00,44,04:44
100,45,alsogod,1019,11.69,2026-04-23 04:45:15.336529430,10000,4.1,2026,4,23,04:00,45,04:45
100,45,alsogod,1019,11.69,2026-04-23 04:46:15.232745593,10000,4.1,2026,4,23,04:00,46,04:46
100,45,alsogod,1019,11.69,2026-04-23 04:47:15.268272740,10000,4.1,2026,4,23,04:00,47,04:47
100,45,alsogod,1019,11.69,2026-04-23 04:48:15.261789123,10000,4.1,2026,4,23,04:00,48,04:48
100,45,alsogod,1019,11.69,2026-04-23 04:49:15.271892537,10000,4.1,2026,4,23,04:00,49,04:49
100,45,alsogod,1019,11.69,2026-04-23 04:50:15.278362806,10000,4.1,2026,4,23,04:00,50,04:50
100,44,alsogod,1019,12.22,2026-04-23 04:51:15.428094286,10000,4.25,2026,4,23,04:00,51,04:51
100,44,alsogod,1019,12.22,2026-04-23 04:52:15.307518722,10000,4.25,2026,4,23,04:00,52,04:52
100,45,alsogod,1019,11.69,2026-04-23 04:53:15.391543745,10000,4.1,2026,4,23,04:00,53,04:53
100,45,alsogod,1019,12.22,2026-04-23 04:54:15.373491996,10000,4.25,2026,4,23,04:00,54,04:54
100,44,alsogod,1019,12.22,2026-04-23 04:55:15.397065926,10000,4.25,2026,4,23,04:00,55,04:55
100,44,alsogod,1019,12.22,2026-04-23 04:56:15.406903394,10000,4.25,2026,4,23,04:00,56,04:56
100,44,alsogod,1019,12.22,2026-04-23 04:57:15.363458467,10000,4.25,2026,4,23,04:00,57,04:57
100,44,alsogod,1019,12.22,2026-04-23 04:58:15.308254826,10000,4.25,2026,4,23,04:00,58,04:58
100,44,alsogod,1019,12.22,2026-04-23 04:59:15.371732351,10000,4.25,2026,4,23,04:00,59,04:59
100,44,alsogod,1019,12.22,2026-04-23 05:00:15.300688175,10000,4.25,2026,4,23,05:00,0,05:00
100,44,alsogod,1019,12.22,2026-04-23 05:01:15.366089163,10000,4.25,2026,4,23,05:00,1,05:01
100,45,alsogod,1019,12.22,2026-04-23 05:02:15.369331555,10000,4.25,2026,4,23,05:00,2,05:02
100,45,alsogod,1019,12.22,2026-04-23 05:03:15.418664268,10000,4.25,2026,4,23,05:00,3,05:03
100,45,alsogod,1019,12.22,2026-04-23 05:04:15.433412957,10000,4.25,2026,4,23,05:00,4,05:04
100,45,alsogod,1019,12.22,2026-04-23 05:05:15.473863282,10000,4.25,2026,4,23,05:00,5,05:05
100,45,alsogod,1019,12.22,2026-04-23 05:06:15.531137521,10000,4.25,2026,4,23,05:00,6,05:06
100,45,alsogod,1019,12.22,2026-04-23 05:07:15.506011609,10000,4.25,2026,4,23,05:00,7,05:07
100,45,alsogod,1019,12.22,2026-04-23 05:08:15.514657476,10000,4.25,2026,4,23,05:00,8,05:08
100,45,alsogod,1019,12.22,2026-04-23 05:09:15.506693194,10000,4.25,2026,4,23,05:00,9,05:09
100,45,alsogod,1019,12.22,2026-04-23 05:10:15.489614573,10000,4.25,2026,4,23,05:00,10,05:10
100,45,alsogod,1019,12.22,2026-04-23 05:11:15.466027369,10000,4.25,2026,4,23,05:00,11,05:11
100,45,alsogod,1019,12.76,2026-04-23 05:12:15.522921214,10000,4.25,2026,4,23,05:00,12,05:12
100,45,alsogod,1019,12.76,2026-04-23 05:13:15.447015332,10000,4.25,2026,4,23,05:00,13,05:13
100,45,alsogod,1019,12.73,2026-04-23 05:14:15.612611430,10000,4.25,2026,4,23,05:00,14,05:14
100,45,alsogod,1019,12.73,2026-04-23 05:15:15.588657971,10000,4.25,2026,4,23,05:00,15,05:15
100,45,alsogod,1019,12.73,2026-04-23 05:16:15.564113868,10000,4.25,2026,4,23,05:00,16,05:16
100,45,alsogod,1019,12.73,2026-04-23 05:17:15.555868810,10000,4.25,2026,4,23,05:00,17,05:17
100,45,alsogod,1019,12.73,2026-04-23 05:18:15.556921114,10000,4.25,2026,4,23,05:00,18,05:18
100,45,alsogod,1019,12.73,2026-04-23 05:19:15.927291819,10000,4.25,2026,4,23,05:00,19,05:19
100,45,alsogod,1019,12.73,2026-04-23 05:20:15.648359303,10000,4.25,2026,4,23,05:00,20,05:20
100,45,alsogod,1019,12.73,2026-04-23 05:21:16.450793667,10000,4.25,2026,4,23,05:00,21,05:21
100,45,alsogod,1019,12.73,2026-04-23 05:22:16.071498601,10000,4.25,2026,4,23,05:00,22,05:22
100,45,alsogod,1019,12.73,2026-04-23 05:23:15.798829252,10000,4.25,2026,4,23,05:00,23,05:23
100,45,alsogod,1019,12.73,2026-04-23 05:24:15.994012600,10000,4.25,2026,4,23,05:00,24,05:24
100,42,alsogod,1018,14.37,2026-04-23 05:25:15.843054075,10000,4.25,2026,4,23,05:00,25,05:25
100,42,alsogod,1018,14.37,2026-04-23 05:26:24.494800311,10000,4.25,2026,4,23,05:00,26,05:26
100,42,alsogod,1018,14.37,2026-04-23 05:27:15.632375960,10000,4.25,2026,4,23,05:00,27,05:27
81,45,alsogod,1018,14.39,2026-04-23 05:56:19.667528789,10000,7.43,2026,4,23,05:00,56,05:56
81,45,alsogod,1018,14.39,2026-04-23 05:57:31.092569794,10000,7.43,2026,4,23,05:00,57,05:57
81,45,alsogod,1018,14.39,2026-04-23 05:58:17.071045028,10000,7.43,2026,4,23,05:00,58,05:58
81,45,alsogod,1018,14.39,2026-04-23 05:59:17.245068577,10000,7.43,2026,4,23,05:00,59,05:59
81,45,alsogod,1018,14.39,2026-04-23 06:00:17.031996841,10000,7.43,2026,4,23,06:00,0,06:00
81,43,alsogod,1018,14.93,2026-04-23 06:02:18.597728392,10000,7.43,2026,4,23,06:00,2,06:02
81,43,alsogod,1018,14.93,2026-04-23 06:03:17.697482331,10000,7.43,2026,4,23,06:00,3,06:03
81,43,alsogod,1018,14.93,2026-04-23 06:04:20.438697247,10000,7.43,2026,4,23,06:00,4,06:04
81,43,alsogod,1018,14.93,2026-04-23 06:05:21.790697853,10000,7.43,2026,4,23,06:00,5,06:05
81,43,alsogod,1018,14.93,2026-04-23 06:06:19.295452694,10000,7.43,2026,4,23,06:00,6,06:06
81,43,alsogod,1018,14.93,2026-04-23 06:07:18.961406440,10000,7.43,2026,4,23,06:00,7,06:07
81,43,alsogod,1018,14.93,2026-04-23 06:11:32.859502462,10000,7.43,2026,4,23,06:00,11,06:11
81,43,alsogod,1018,14.93,2026-04-23 06:12:18.476746530,10000,7.43,2026,4,23,06:00,12,06:12
